{"commit":"e4f505f4594eb188a22de2c3452fcb4587639e38","pagesAndArtboards":{"F86F02E9-4CB2-4EC0-8ED5-B5542E61272B":{"name":"singin-mweb","artboards":{"DD4F0195-EB7F-484C-AC10-395456527814":{"name":"signin-email-confirmation-mobile"},"AFFC1140-7EA9-4AC0-B228-47C09033B550":{"name":"signin-session-white-mobile"},"6624B477-C2CE-4A5B-8037-65E972C556E3":{"name":"signin-email-mobile"},"D2F17296-286C-4D4C-93B3-4D1E846DC820":{"name":"signin-email-error-mobile"},"4BAEFB0F-58D1-4AF8-B4C5-95C7A36D3308":{"name":"signin-session-mobile"},"07691DD2-2616-4D2F-B547-994FA88D2D8E":{"name":"signin-normal-mobile"}}},"CA1AA55E-0845-43FD-A416-35F5E24F5A6C":{"name":"Symbols","artboards":{"2A5232BB-5BE5-4226-AB06-540750165473":{"name":"icons\/twitter-white"},"B6F2BEF7-0A43-4C31-ADEF-F252A9368D18":{"name":"icons\/facebook"},"8BB26BA4-D85B-45D4-94C1-A2A983BD5CF2":{"name":"icons\/close-grey"},"ADA744D9-5EC0-4593-BA66-4710C8C96BFA":{"name":"icons\/kite-logo"},"ACFD0584-8795-40E6-A0BB-3F239089FC7B":{"name":"icons\/google"},"F156C90B-D522-4E54-A3DD-BEADFF646D7E":{"name":"icons\/twitter"},"020CB7EB-79A9-4E5B-B90E-1308282CFF7E":{"name":"colors\/grey-light"},"5F8B89A6-1DD4-4799-A42B-9EC4147567C3":{"name":"icons\/functional\/caret_down"},"071906EF-F16A-488F-8514-6A148CA4E2EA":{"name":"icons\/facebook-white"},"3A49BF35-BFC1-4604-8348-8522CC4E96CF":{"name":"icons\/functional\/refresh"},"CBDF80C2-B425-453C-85A0-B8A64EF64C9B":{"name":"colors\/grey-regular"}}},"738FCC9F-32B0-4ADD-B8DF-848C4E09CB70":{"name":"signin-web","artboards":{"11787966-D2BE-4683-9546-01BFF67F08AA":{"name":"signin-popups-desktop"}}},"389670D0-1D8C-4DE4-8CB0-D09D2A299CD8":{"name":"singin-android","artboards":{"3C78B7A0-7C00-4329-BF46-B445C2577D82":{"name":"signin-ios-1"},"203948CA-F134-4F6A-A810-647A39DFE767":{"name":"signin-ios-4"},"DCD81E5D-7CFB-4C25-B914-1A7AC60004D9":{"name":"Sign Up Success - Tablet"},"B7AF5868-5AF3-4AFC-8961-6477EC4013F7":{"name":"Sign Up Existing User - Tablet"},"E0BE3880-8DCF-40D6-AD99-F44381D3F1BC":{"name":"signin-ios-3"},"EA8B3496-9CC7-4BEF-96F0-64DA34859875":{"name":"Sign Up -Tablet"},"3C690A22-5A06-49B3-97F7-10A9A5A02405":{"name":"signin-ios-1 copy 2"},"4527EFA4-1653-46EE-B985-B0F43A6F99B7":{"name":"signin-ios-1 copy"},"28CBEFE4-BC51-48D2-A541-EC303DB73673":{"name":"Login-Tablet"},"E7EF3980-B348-4388-B652-FC877FEA126F":{"name":"signin-ios-1 copy 3"},"ADD91223-E3D4-4EBB-BA92-6DFECC2350C8":{"name":"signin-ios-2"}}},"8CDF4B4F-BF87-444A-A2B0-117FA0C05BB0":{"name":"singin-ios","artboards":{"CE4A6662-594E-49EE-8B7A-39316DC7AECE":{"name":"signin-ios-1"},"FC3F5920-02EA-43CC-96CF-B3B730718E45":{"name":"signin-ios-1 copy"},"46E4BE6E-7F2E-4098-83B3-39595A331861":{"name":"signin-ios-1 copy 3"},"A5F39D7B-925C-476B-8A27-759E0394A07D":{"name":"signin-ios-1 copy 2"}}}},"version":112,"fonts":["Graphik-Regular","SFProDisplay-Medium","Graphik-Medium","AppleColorEmoji"],"compatibilityVersion":99,"app":"com.bohemiancoding.sketch3","autosaved":0,"variant":"NONAPPSTORE","created":{"commit":"e4f505f4594eb188a22de2c3452fcb4587639e38","appVersion":"52.4","build":67378,"app":"com.bohemiancoding.sketch3","compatibilityVersion":99,"version":112,"variant":"NONAPPSTORE"},"saveHistory":["NONAPPSTORE.67378"],"appVersion":"52.4","build":67378}