{"_class":"page","do_objectID":"CA1AA55E-0845-43FD-A416-35F5E24F5A6C","booleanOperation":-1,"exportOptions":{"_class":"exportOptions","exportFormats":[],"includedLayerIds":[],"layerOptions":0,"shouldTrim":false},"frame":{"_class":"rect","constrainProportions":false,"height":0,"width":0,"x":0,"y":0},"isFixedToViewport":false,"isFlippedHorizontal":false,"isFlippedVertical":false,"isLocked":false,"isVisible":true,"layerListExpandedType":0,"name":"Symbols","nameIsFixed":false,"resizingConstraint":63,"resizingType":0,"rotation":0,"shouldBreakMaskChain":false,"clippingMaskMode":0,"hasClippingMask":false,"style":{"_class":"style","endMarkerType":0,"miterLimit":10,"startMarkerType":0,"windingRule":1},"hasClickThrough":true,"layers":[{"_class":"symbolMaster","do_objectID":"ADA744D9-5EC0-4593-BA66-4710C8C96BFA","booleanOperation":0,"exportOptions":{"_class":"exportOptions","exportFormats":[],"includedLayerIds":[],"layerOptions":0,"shouldTrim":false},"frame":{"_class":"rect","constrainProportions":false,"height":12,"width":18,"x":100,"y":0},"isFixedToViewport":false,"isFlippedHorizontal":false,"isFlippedVertical":false,"isLocked":false,"isVisible":true,"layerListExpandedType":1,"name":"icons\/kite-logo","nameIsFixed":false,"resizingConstraint":63,"resizingType":0,"rotation":0,"shouldBreakMaskChain":true,"clippingMaskMode":0,"hasClippingMask":false,"style":{"_class":"style","endMarkerType":0,"miterLimit":10,"startMarkerType":0,"windingRule":1},"hasClickThrough":true,"layers":[{"_class":"bitmap","do_objectID":"857AF1B3-278B-41C9-84B9-A334F1BDBF3D","booleanOperation":0,"exportOptions":{"_class":"exportOptions","exportFormats":[],"includedLayerIds":[],"layerOptions":0,"shouldTrim":false},"frame":{"_class":"rect","constrainProportions":true,"height":12,"width":18,"x":0,"y":0},"isFixedToViewport":false,"isFlippedHorizontal":false,"isFlippedVertical":false,"isLocked":false,"isVisible":true,"layerListExpandedType":0,"name":"Bitmap","nameIsFixed":false,"resizingConstraint":63,"resizingType":0,"rotation":0,"shouldBreakMaskChain":false,"userInfo":{"com.animaapp.stc-sketch-plugin":{"kModelPropertiesKey":{}}},"clippingMaskMode":0,"hasClippingMask":false,"style":{"_class":"style","endMarkerType":0,"miterLimit":10,"startMarkerType":0,"windingRule":1},"clippingMask":"{{0, 0}, {1, 1}}","fillReplacesImage":false,"image":{"_class":"MSJSONFileReference","_ref_class":"MSImageData","_ref":"images\/40e2ebf314816c4b4145db5c7f7d670182ea519b.png"},"intendedDPI":0}],"backgroundColor":{"_class":"color","alpha":1,"blue":1,"green":1,"red":1},"hasBackgroundColor":false,"horizontalRulerData":{"_class":"rulerData","base":0,"guides":[]},"includeBackgroundColorInExport":true,"includeInCloudUpload":true,"isFlowHome":false,"resizesContent":false,"verticalRulerData":{"_class":"rulerData","base":0,"guides":[]},"includeBackgroundColorInInstance":false,"symbolID":"FE8EFDAB-FB52-4BF2-B807-14F9678A15F9","changeIdentifier":25},{"_class":"symbolMaster","do_objectID":"8BB26BA4-D85B-45D4-94C1-A2A983BD5CF2","booleanOperation":0,"exportOptions":{"_class":"exportOptions","exportFormats":[],"includedLayerIds":[],"layerOptions":0,"shouldTrim":false},"frame":{"_class":"rect","constrainProportions":false,"height":10,"width":10,"x":218,"y":0},"isFixedToViewport":false,"isFlippedHorizontal":false,"isFlippedVertical":false,"isLocked":false,"isVisible":true,"layerListExpandedType":1,"name":"icons\/close-grey","nameIsFixed":true,"resizingConstraint":63,"resizingType":0,"rotation":0,"shouldBreakMaskChain":true,"clippingMaskMode":0,"hasClippingMask":false,"style":{"_class":"style","endMarkerType":0,"miterLimit":10,"startMarkerType":0,"windingRule":1},"hasClickThrough":true,"layers":[{"_class":"shapePath","do_objectID":"A471A49E-C421-479D-8F59-597FA318C6A0","booleanOperation":-1,"exportOptions":{"_class":"exportOptions","exportFormats":[],"includedLayerIds":[],"layerOptions":0,"shouldTrim":false},"frame":{"_class":"rect","constrainProportions":true,"height":10,"width":10,"x":0,"y":0},"isFixedToViewport":false,"isFlippedHorizontal":false,"isFlippedVertical":false,"isLocked":false,"isVisible":true,"layerListExpandedType":0,"name":"Shape","nameIsFixed":false,"resizingConstraint":63,"resizingType":0,"rotation":0,"shouldBreakMaskChain":false,"userInfo":{"com.animaapp.stc-sketch-plugin":{"kModelPropertiesKey":{"constraints":{"scaleFactor":1,"model_version":0.1,"aspectRatio":{"multiplier":10,"enabled":1,"model_version":0.1,"modelID":"constraint_19243113-0250-40a5-a24a-dd3dbe590292","model_class":"ADModelConstraint","constant":10},"modelID":"viewConstraints_42840dac-47fc-4e3c-8112-945cd271ecb2","model_class":"ADModelViewConstraints","automatic":1}}}},"clippingMaskMode":0,"hasClippingMask":false,"style":{"_class":"style","endMarkerType":0,"fills":[{"_class":"fill","isEnabled":true,"color":{"_class":"color","alpha":1,"blue":0.5490196078431373,"green":0.5294117647058824,"red":0.5058823529411764},"fillType":0,"noiseIndex":0,"noiseIntensity":0,"patternFillType":1,"patternTileScale":1}],"miterLimit":10,"startMarkerType":0,"windingRule":1},"edited":true,"isClosed":true,"pointRadiusBehaviour":0,"points":[{"_class":"curvePoint","cornerRadius":0,"curveFrom":"{0.97247169074580242, 0.83997136535207606}","curveMode":1,"curveTo":"{0.97247169074580242, 0.83997136535207606}","hasCurveFrom":false,"hasCurveTo":false,"point":"{0.97247169074580242, 0.83997136535207606}"},{"_class":"curvePoint","cornerRadius":0,"curveFrom":"{0.63250032539372636, 0.5}","curveMode":1,"curveTo":"{0.63250032539372636, 0.5}","hasCurveFrom":false,"hasCurveTo":false,"point":"{0.63250032539372636, 0.5}"},{"_class":"curvePoint","cornerRadius":0,"curveFrom":"{1.0091761030847326, 0.12332422230899392}","curveMode":4,"curveTo":"{0.97247169074580242, 0.16002863464792402}","hasCurveFrom":true,"hasCurveTo":false,"point":"{0.97247169074580242, 0.16002863464792402}"},{"_class":"curvePoint","cornerRadius":0,"curveFrom":"{0.93576727840687224, -0.009176103084732528}","curveMode":2,"curveTo":"{1.0091761030847326, 0.06423272159312772}","hasCurveFrom":true,"hasCurveTo":true,"point":"{0.97247169074580242, 0.027528309254197584}"},{"_class":"curvePoint","cornerRadius":0,"curveFrom":"{0.83997136535207606, 0.027528309254197584}","curveMode":4,"curveTo":"{0.87667577769100613, -0.009176103084732528}","hasCurveFrom":false,"hasCurveTo":true,"point":"{0.83997136535207606, 0.027528309254197584}"},{"_class":"curvePoint","cornerRadius":0,"curveFrom":"{0.5, 0.36749967460627364}","curveMode":1,"curveTo":"{0.5, 0.36749967460627364}","hasCurveFrom":false,"hasCurveTo":false,"point":"{0.5, 0.36749967460627364}"},{"_class":"curvePoint","cornerRadius":0,"curveFrom":"{0.12332422230899392, -0.009176103084732528}","curveMode":4,"curveTo":"{0.16002863464792402, 0.027528309254197584}","hasCurveFrom":true,"hasCurveTo":false,"point":"{0.16002863464792402, 0.027528309254197584}"},{"_class":"curvePoint","cornerRadius":0,"curveFrom":"{-0.009176103084732528, 0.064232721593127678}","curveMode":2,"curveTo":"{0.06423272159312772, -0.009176103084732528}","hasCurveFrom":true,"hasCurveTo":true,"point":"{0.027528309254197584, 0.027528309254197584}"},{"_class":"curvePoint","cornerRadius":0,"curveFrom":"{0.027528309254197584, 0.16002863464792402}","curveMode":4,"curveTo":"{-0.009176103084732528, 0.12332422230899388}","hasCurveFrom":false,"hasCurveTo":true,"point":"{0.027528309254197584, 0.16002863464792402}"},{"_class":"curvePoint","cornerRadius":0,"curveFrom":"{0.36749967460627364, 0.5}","curveMode":1,"curveTo":"{0.36749967460627364, 0.5}","hasCurveFrom":false,"hasCurveTo":false,"point":"{0.36749967460627364, 0.5}"},{"_class":"curvePoint","cornerRadius":0,"curveFrom":"{-0.009176103084732528, 0.87667577769100624}","curveMode":4,"curveTo":"{0.027528309254197584, 0.83997136535207606}","hasCurveFrom":true,"hasCurveTo":false,"point":"{0.027528309254197584, 0.83997136535207606}"},{"_class":"curvePoint","cornerRadius":0,"curveFrom":"{0.064232721593127678, 1.0091761030847326}","curveMode":2,"curveTo":"{-0.009176103084732528, 0.93576727840687246}","hasCurveFrom":true,"hasCurveTo":true,"point":"{0.027528309254197584, 0.97247169074580242}"},{"_class":"curvePoint","cornerRadius":0,"curveFrom":"{0.16002863464792402, 0.97247169074580242}","curveMode":4,"curveTo":"{0.12332422230899388, 1.0091761030847326}","hasCurveFrom":false,"hasCurveTo":true,"point":"{0.16002863464792402, 0.97247169074580242}"},{"_class":"curvePoint","cornerRadius":0,"curveFrom":"{0.5, 0.63250032539372636}","curveMode":1,"curveTo":"{0.5, 0.63250032539372636}","hasCurveFrom":false,"hasCurveTo":false,"point":"{0.5, 0.63250032539372636}"},{"_class":"curvePoint","cornerRadius":0,"curveFrom":"{0.87667577769100624, 1.0091761030847326}","curveMode":4,"curveTo":"{0.83997136535207606, 0.97247169074580242}","hasCurveFrom":true,"hasCurveTo":false,"point":"{0.83997136535207606, 0.97247169074580242}"},{"_class":"curvePoint","cornerRadius":0,"curveFrom":"{1.0089157881036055, 0.93576727840687224}","curveMode":2,"curveTo":"{0.93576727840687246, 1.0091761030847326}","hasCurveFrom":true,"hasCurveTo":true,"point":"{0.97247169074580242, 0.97247169074580242}"},{"_class":"curvePoint","cornerRadius":0,"curveFrom":"{0.97247169074580242, 0.83997136535207606}","curveMode":4,"curveTo":"{1.0089157881036055, 0.87641546270987902}","hasCurveFrom":false,"hasCurveTo":true,"point":"{0.97247169074580242, 0.83997136535207606}"}]}],"backgroundColor":{"_class":"color","alpha":1,"blue":1,"green":1,"red":1},"hasBackgroundColor":false,"horizontalRulerData":{"_class":"rulerData","base":0,"guides":[]},"includeBackgroundColorInExport":true,"includeInCloudUpload":true,"isFlowHome":false,"resizesContent":false,"verticalRulerData":{"_class":"rulerData","base":0,"guides":[]},"includeBackgroundColorInInstance":false,"symbolID":"FB4C5376-C8BB-49B8-AA10-F7F5FC93F80E","changeIdentifier":24},{"_class":"symbolMaster","do_objectID":"F156C90B-D522-4E54-A3DD-BEADFF646D7E","booleanOperation":0,"exportOptions":{"_class":"exportOptions","exportFormats":[],"includedLayerIds":[],"layerOptions":0,"shouldTrim":false},"frame":{"_class":"rect","constrainProportions":false,"height":15,"width":18,"x":100,"y":112},"isFixedToViewport":false,"isFlippedHorizontal":false,"isFlippedVertical":false,"isLocked":false,"isVisible":true,"layerListExpandedType":1,"name":"icons\/twitter","nameIsFixed":false,"resizingConstraint":63,"resizingType":0,"rotation":0,"shouldBreakMaskChain":true,"clippingMaskMode":0,"hasClippingMask":false,"style":{"_class":"style","endMarkerType":0,"miterLimit":10,"startMarkerType":0,"windingRule":1},"hasClickThrough":true,"layers":[{"_class":"shapePath","do_objectID":"34F575E9-288E-4B40-9385-0088314AB62C","booleanOperation":-1,"exportOptions":{"_class":"exportOptions","exportFormats":[],"includedLayerIds":[],"layerOptions":0,"shouldTrim":false},"frame":{"_class":"rect","constrainProportions":true,"height":14.64717101080737,"width":18,"x":0,"y":0},"isFixedToViewport":false,"isFlippedHorizontal":false,"isFlippedVertical":false,"isLocked":false,"isVisible":true,"layerListExpandedType":0,"name":"Shape","nameIsFixed":false,"resizingConstraint":63,"resizingType":0,"rotation":0,"shouldBreakMaskChain":false,"userInfo":{"com.animaapp.stc-sketch-plugin":{"kModelPropertiesKey":{"constraints":{"scaleFactor":1,"model_version":0.1,"aspectRatio":{"model_class":"ADModelConstraint","enabled":1,"multiplier":18,"constant":14.64717,"model_version":0.1,"modelID":"constraint_b828c5a8-0fb3-4466-8e77-eeef27ebf1bf"},"modelID":"viewConstraints_e5910fd6-46a5-4503-b11e-2fd22cf74611","model_class":"ADModelViewConstraints","automatic":1}}}},"clippingMaskMode":0,"hasClippingMask":false,"style":{"_class":"style","endMarkerType":0,"fills":[{"_class":"fill","isEnabled":true,"color":{"_class":"color","alpha":1,"blue":0.9333333333333333,"green":0.6745098039215687,"red":0.3333333333333333},"fillType":0,"noiseIndex":0,"noiseIntensity":0,"patternFillType":1,"patternTileScale":1}],"miterLimit":10,"startMarkerType":0,"windingRule":0},"edited":true,"isClosed":true,"pointRadiusBehaviour":1,"points":[{"_class":"curvePoint","cornerRadius":0,"curveFrom":"{0.96312778130960086, 0.13854166666666642}","curveMode":4,"curveTo":"{0.97245179063361009, 0.16927083333333301}","hasCurveFrom":true,"hasCurveTo":true,"point":"{1.0000000000000013, 0.11848958333333311}"},{"_class":"curvePoint","cornerRadius":0,"curveFrom":"{0.92456028819665304, 0.12708333333333308}","curveMode":4,"curveTo":"{0.92371265098537947, 0.15208333333333307}","hasCurveFrom":true,"hasCurveTo":true,"point":"{0.88217842763297427, 0.15833333333333302}"},{"_class":"curvePoint","cornerRadius":0,"curveFrom":"{0.93282475100657047, 0.047656249999999865}","curveMode":4,"curveTo":"{0.95719432083068556, 0.077604166666666502}","hasCurveFrom":true,"hasCurveTo":true,"point":"{0.97245179063361009, 0.018749999999999937}"},{"_class":"curvePoint","cornerRadius":0,"curveFrom":"{0.80461962280144206, 0.030729166666666599}","curveMode":4,"curveTo":"{0.88895952532316291, 0.068749999999999853}","hasCurveFrom":true,"hasCurveTo":true,"point":"{0.84212756940029776, 0.07994791666666648}"},{"_class":"curvePoint","cornerRadius":0,"curveFrom":"{0.5789362152998524, 0}","curveMode":3,"curveTo":"{0.75121847849120682, 0}","hasCurveFrom":true,"hasCurveTo":true,"point":"{0.69230769230769318, 0}"},{"_class":"curvePoint","cornerRadius":0,"curveFrom":"{0.48717948717948789, 0.27213541666666619}","curveMode":3,"curveTo":"{0.48717948717948789, 0.11302083333333314}","hasCurveFrom":true,"hasCurveTo":true,"point":"{0.48717948717948789, 0.25234374999999953}"},{"_class":"curvePoint","cornerRadius":0,"curveFrom":"{0.32189023098114056, 0.29947916666666613}","curveMode":4,"curveTo":"{0.48887476160203508, 0.29140624999999948}","hasCurveFrom":true,"hasCurveTo":true,"point":"{0.49247721974994774, 0.3098958333333327}"},{"_class":"curvePoint","cornerRadius":0,"curveFrom":"{0.051917779190506552, 0.083333333333333176}","curveMode":4,"curveTo":"{0.17058698876880718, 0.19895833333333296}","hasCurveFrom":true,"hasCurveTo":true,"point":"{0.069506251324433249, 0.04609374999999992}"},{"_class":"curvePoint","cornerRadius":0,"curveFrom":"{0.041746132655223631, 0.26041666666666619}","curveMode":3,"curveTo":"{0.041746132655223631, 0.12682291666666642}","hasCurveFrom":true,"hasCurveTo":true,"point":"{0.041746132655223631, 0.17291666666666636}"},{"_class":"curvePoint","cornerRadius":0,"curveFrom":"{0.099385463021826798, 0.38203124999999927}","curveMode":4,"curveTo":"{0.078194532739987402, 0.33776041666666601}","hasCurveFrom":true,"hasCurveTo":true,"point":"{0.13329095147276981, 0.38307291666666599}"},{"_class":"curvePoint","cornerRadius":0,"curveFrom":"{0.04005085823267647, 0.352604166666666}","curveMode":4,"curveTo":"{0.067599067599067683, 0.37057291666666597}","hasCurveFrom":true,"hasCurveTo":true,"point":"{0.04005085823267647, 0.35156249999999933}"},{"_class":"curvePoint","cornerRadius":0,"curveFrom":"{0.04005085823267647, 0.47708333333333242}","curveMode":3,"curveTo":"{0.04005085823267647, 0.35364583333333272}","hasCurveFrom":true,"hasCurveTo":true,"point":"{0.04005085823267647, 0.35468749999999932}"},{"_class":"curvePoint","cornerRadius":0,"curveFrom":"{0.1875397329942787, 0.60781249999999887}","curveMode":4,"curveTo":"{0.11082856537402008, 0.57890624999999873}","hasCurveFrom":true,"hasCurveTo":true,"point":"{0.20470438652256862, 0.60208333333333219}"},{"_class":"curvePoint","cornerRadius":0,"curveFrom":"{0.13752913752913773, 0.6109374999999988}","curveMode":2,"curveTo":"{0.16931553295189683, 0.6109374999999988}","hasCurveFrom":true,"hasCurveTo":true,"point":"{0.15066751430387812, 0.6109374999999988}"},{"_class":"curvePoint","cornerRadius":0,"curveFrom":"{0.13816486543759288, 0.70651041666666525}","curveMode":4,"curveTo":"{0.12460267005721569, 0.60937499999999878}","hasCurveFrom":true,"hasCurveTo":true,"point":"{0.11210002119093043, 0.60624999999999873}"},{"_class":"curvePoint","cornerRadius":0,"curveFrom":"{0.23373596100868863, 0.84921874999999836}","curveMode":4,"curveTo":"{0.21402839584657796, 0.77942708333333177}","hasCurveFrom":true,"hasCurveTo":true,"point":"{0.30387794024157699, 0.7815104166666651}"},{"_class":"curvePoint","cornerRadius":0,"curveFrom":"{0.032422123331214289, 0.88958333333333162}","curveMode":3,"curveTo":"{0.14515787243059991, 0.88958333333333162}","hasCurveFrom":true,"hasCurveTo":true,"point":"{0.048951048951049021, 0.88958333333333162}"},{"_class":"curvePoint","cornerRadius":0,"curveFrom":"{0.090485272303454239, 0.95833333333333159}","curveMode":4,"curveTo":"{0.016105107014197949, 0.88828124999999825}","hasCurveFrom":true,"hasCurveTo":true,"point":"{0, 0.88593749999999827}"},{"_class":"curvePoint","cornerRadius":0,"curveFrom":"{0.6918838737020564, 0.99999999999999811}","curveMode":3,"curveTo":"{0.19834710743801681, 0.99999999999999811}","hasCurveFrom":true,"hasCurveTo":true,"point":"{0.31404958677686001, 0.99999999999999811}"},{"_class":"curvePoint","cornerRadius":0,"curveFrom":"{0.89828353464717225, 0.27083333333333282}","curveMode":3,"curveTo":"{0.89828353464717225, 0.61536458333333222}","hasCurveFrom":true,"hasCurveTo":true,"point":"{0.89828353464717225, 0.28177083333333275}"},{"_class":"curvePoint","cornerRadius":0,"curveFrom":"{0.93769866497139354, 0.21354166666666624}","curveMode":4,"curveTo":"{0.89807162534435381, 0.25989583333333277}","hasCurveFrom":true,"hasCurveTo":true,"point":"{0.89764780673871702, 0.24921874999999949}"}]}],"backgroundColor":{"_class":"color","alpha":1,"blue":1,"green":1,"red":1},"hasBackgroundColor":false,"horizontalRulerData":{"_class":"rulerData","base":0,"guides":[]},"includeBackgroundColorInExport":true,"includeInCloudUpload":true,"isFlowHome":false,"resizesContent":false,"verticalRulerData":{"_class":"rulerData","base":0,"guides":[]},"includeBackgroundColorInInstance":false,"symbolID":"8D128591-9864-4B7E-A54D-D5F3EEB6B6E2","changeIdentifier":28},{"_class":"symbolMaster","do_objectID":"ACFD0584-8795-40E6-A0BB-3F239089FC7B","booleanOperation":0,"exportOptions":{"_class":"exportOptions","exportFormats":[],"includedLayerIds":[],"layerOptions":0,"shouldTrim":false},"frame":{"_class":"rect","constrainProportions":false,"height":17,"width":17,"x":328,"y":0},"isFixedToViewport":false,"isFlippedHorizontal":false,"isFlippedVertical":false,"isLocked":false,"isVisible":true,"layerListExpandedType":1,"name":"icons\/google","nameIsFixed":false,"resizingConstraint":63,"resizingType":0,"rotation":0,"shouldBreakMaskChain":true,"clippingMaskMode":0,"hasClippingMask":false,"style":{"_class":"style","endMarkerType":0,"miterLimit":10,"startMarkerType":0,"windingRule":1},"hasClickThrough":true,"layers":[{"_class":"group","do_objectID":"D9654975-C757-43B1-8176-4FC1CF688302","booleanOperation":0,"exportOptions":{"_class":"exportOptions","exportFormats":[],"includedLayerIds":[],"layerOptions":0,"shouldTrim":false},"frame":{"_class":"rect","constrainProportions":false,"height":17,"width":17,"x":0,"y":0},"isFixedToViewport":false,"isFlippedHorizontal":false,"isFlippedVertical":false,"isLocked":false,"isVisible":true,"layerListExpandedType":0,"name":"google","nameIsFixed":false,"resizingConstraint":63,"resizingType":0,"rotation":0,"shouldBreakMaskChain":false,"userInfo":{"com.animaapp.stc-sketch-plugin":{"kModelPropertiesKey":{}}},"clippingMaskMode":0,"hasClippingMask":false,"style":{"_class":"style","endMarkerType":0,"miterLimit":10,"startMarkerType":0,"windingRule":1},"hasClickThrough":false,"layers":[{"_class":"shapePath","do_objectID":"305A1568-A9F5-48E8-B271-1A2276E47A3D","booleanOperation":-1,"exportOptions":{"_class":"exportOptions","exportFormats":[],"includedLayerIds":[],"layerOptions":0,"shouldTrim":false},"frame":{"_class":"rect","constrainProportions":false,"height":7.986000000000002,"width":8.16,"x":8.5,"y":6.954999999999999},"isFixedToViewport":false,"isFlippedHorizontal":false,"isFlippedVertical":false,"isLocked":false,"isVisible":true,"layerListExpandedType":0,"name":"Shape","nameIsFixed":false,"resizingConstraint":63,"resizingType":0,"rotation":0,"shouldBreakMaskChain":false,"clippingMaskMode":0,"hasClippingMask":false,"style":{"_class":"style","endMarkerType":0,"fills":[{"_class":"fill","isEnabled":true,"color":{"_class":"color","alpha":1,"blue":0.9568627450980391,"green":0.5215686274509804,"red":0.2588235294117647},"fillType":0,"noiseIndex":0,"noiseIntensity":0,"patternFillType":1,"patternTileScale":1}],"miterLimit":10,"startMarkerType":0,"windingRule":0},"edited":true,"isClosed":true,"pointRadiusBehaviour":1,"points":[{"_class":"curvePoint","cornerRadius":0,"curveFrom":"{1, 0.14212371650388173}","curveMode":4,"curveTo":"{1, 0.21763085399449023}","hasCurveFrom":true,"hasCurveTo":false,"point":"{1, 0.21763085399449023}"},{"_class":"curvePoint","cornerRadius":0,"curveFrom":"{0.98100490196078416, 0}","curveMode":4,"curveTo":"{0.99338235294117661, 0.069621838216879409}","hasCurveFrom":false,"hasCurveTo":true,"point":"{0.98100490196078416, 0}"},{"_class":"curvePoint","cornerRadius":0,"curveFrom":"{0, 0}","curveMode":1,"curveTo":"{0, 0}","hasCurveFrom":false,"hasCurveTo":false,"point":"{0, 0}"},{"_class":"curvePoint","cornerRadius":0,"curveFrom":"{0, 0.41159529176058102}","curveMode":1,"curveTo":"{0, 0.41159529176058102}","hasCurveFrom":false,"hasCurveTo":false,"point":"{0, 0.41159529176058102}"},{"_class":"curvePoint","cornerRadius":0,"curveFrom":"{0.53722071260182946, 0.5432360003687785}","curveMode":4,"curveTo":"{0.56066176470588225, 0.41159529176058102}","hasCurveFrom":true,"hasCurveTo":false,"point":"{0.56066176470588225, 0.41159529176058102}"},{"_class":"curvePoint","cornerRadius":0,"curveFrom":"{0.35269607843137279, 0.73290758827948932}","curveMode":4,"curveTo":"{0.4620743930121356, 0.65933898329278351}","hasCurveFrom":false,"hasCurveTo":true,"point":"{0.35269607843137279, 0.73290758827948932}"},{"_class":"curvePoint","cornerRadius":0,"curveFrom":"{0.35269607843137279, 1}","curveMode":1,"curveTo":"{0.35269607843137279, 1}","hasCurveFrom":false,"hasCurveTo":false,"point":"{0.35269607843137279, 1}"},{"_class":"curvePoint","cornerRadius":0,"curveFrom":"{0.88639705882352948, 0.81467568244427746}","curveMode":4,"curveTo":"{0.68933823529411764, 1}","hasCurveFrom":true,"hasCurveTo":false,"point":"{0.68933823529411764, 1}"},{"_class":"curvePoint","cornerRadius":0,"curveFrom":"{1, 0.21863260706235935}","curveMode":4,"curveTo":"{1, 0.54295016278487362}","hasCurveFrom":false,"hasCurveTo":true,"point":"{1, 0.21863260706235935}"}]},{"_class":"shapePath","do_objectID":"6680F830-8163-4223-ABBD-BCFCF86E5196","booleanOperation":-1,"exportOptions":{"_class":"exportOptions","exportFormats":[],"includedLayerIds":[],"layerOptions":0,"shouldTrim":false},"frame":{"_class":"rect","constrainProportions":false,"height":6.885000359347053,"width":13.221,"x":0.9039999999999999,"y":10.115},"isFixedToViewport":false,"isFlippedHorizontal":false,"isFlippedVertical":false,"isLocked":false,"isVisible":true,"layerListExpandedType":0,"name":"Shape","nameIsFixed":false,"resizingConstraint":63,"resizingType":0,"rotation":0,"shouldBreakMaskChain":false,"clippingMaskMode":0,"hasClippingMask":false,"style":{"_class":"style","endMarkerType":0,"fills":[{"_class":"fill","isEnabled":true,"color":{"_class":"color","alpha":1,"blue":0.3254901960784314,"green":0.6588235294117647,"red":0.203921568627451},"fillType":0,"noiseIndex":0,"noiseIntensity":0,"patternFillType":1,"patternTileScale":1}],"miterLimit":10,"startMarkerType":0,"windingRule":0},"edited":true,"isClosed":true,"pointRadiusBehaviour":1,"points":[{"_class":"curvePoint","cornerRadius":0,"curveFrom":"{0.74812797821647381, 0.99999994780725754}","curveMode":3,"curveTo":"{0.33145610651061025, 1.0001353188040736}","hasCurveFrom":true,"hasCurveTo":true,"point":"{0.57454050374404353, 0.99999994780725754}"},{"_class":"curvePoint","cornerRadius":0,"curveFrom":"{1, 0.70079880147712703}","curveMode":4,"curveTo":"{0.89372967249073432, 0.88961505886992753}","hasCurveFrom":false,"hasCurveTo":true,"point":"{1, 0.70079880147712703}"},{"_class":"curvePoint","cornerRadius":0,"curveFrom":"{0.7347401860676197, 0.46521420956087844}","curveMode":4,"curveTo":"{0.79222449133953565, 0.39114013935293324}","hasCurveFrom":true,"hasCurveTo":false,"point":"{0.79222449133953565, 0.39114013935293324}"},{"_class":"curvePoint","cornerRadius":0,"curveFrom":"{0.40707964601769908, 0.50878719203613976}","curveMode":3,"curveTo":"{0.66106951062703279, 0.50878719203613976}","hasCurveFrom":true,"hasCurveTo":true,"point":"{0.57454050374404353, 0.50878719203613976}"},{"_class":"curvePoint","cornerRadius":0,"curveFrom":"{0.21480977233189621, 0}","curveMode":4,"curveTo":"{0.26533545117615909, 0.29179373930933628}","hasCurveFrom":false,"hasCurveTo":true,"point":"{0.21480977233189621, 0}"},{"_class":"curvePoint","cornerRadius":0,"curveFrom":"{0, 0}","curveMode":1,"curveTo":"{0, 0}","hasCurveFrom":false,"hasCurveTo":false,"point":"{0, 0}"},{"_class":"curvePoint","cornerRadius":0,"curveFrom":"{0.10912766857791063, 0.73693006352506352}","curveMode":4,"curveTo":"{0, 0.31982569136842154}","hasCurveFrom":true,"hasCurveTo":false,"point":"{0, 0.31982569136842154}"}]},{"_class":"shapePath","do_objectID":"2DDC16D6-8B8E-42D9-BE1B-50FB8A375B8C","booleanOperation":-1,"exportOptions":{"_class":"exportOptions","exportFormats":[],"includedLayerIds":[],"layerOptions":0,"shouldTrim":false},"frame":{"_class":"rect","constrainProportions":false,"height":7.633999999999997,"width":3.744001650393951,"x":-1.650393951724283e-06,"y":4.683},"isFixedToViewport":false,"isFlippedHorizontal":false,"isFlippedVertical":false,"isLocked":false,"isVisible":true,"layerListExpandedType":0,"name":"Shape","nameIsFixed":false,"resizingConstraint":63,"resizingType":0,"rotation":0,"shouldBreakMaskChain":false,"clippingMaskMode":0,"hasClippingMask":false,"style":{"_class":"style","endMarkerType":0,"fills":[{"_class":"fill","isEnabled":true,"color":{"_class":"color","alpha":1,"blue":0.0196078431372549,"green":0.7372549019607844,"red":0.984313725490196},"fillType":0,"noiseIndex":0,"noiseIntensity":0,"patternFillType":1,"patternTileScale":1}],"miterLimit":10,"startMarkerType":0,"windingRule":0},"edited":true,"isClosed":true,"pointRadiusBehaviour":1,"points":[{"_class":"curvePoint","cornerRadius":0,"curveFrom":"{0.95459403710943569, 0.64474718365208317}","curveMode":4,"curveTo":"{1.0000000000000002, 0.71155357610689063}","hasCurveFrom":true,"hasCurveTo":false,"point":"{1.0000000000000002, 0.71155357610689063}"},{"_class":"curvePoint","cornerRadius":0,"curveFrom":"{0.92868592887187829, 0.42664396122609394}","curveMode":2,"curveTo":"{0.92868592887187829, 0.57335603877390651}","hasCurveFrom":true,"hasCurveTo":true,"point":"{0.92868592887187829, 0.50000000000000022}"},{"_class":"curvePoint","cornerRadius":0,"curveFrom":"{1.0000000000000002, 0.28844642389310987}","curveMode":4,"curveTo":"{0.95459403710943569, 0.35525281634791733}","hasCurveFrom":false,"hasCurveTo":true,"point":"{1.0000000000000002, 0.28844642389310987}"},{"_class":"curvePoint","cornerRadius":0,"curveFrom":"{1.0000000000000002, 0}","curveMode":1,"curveTo":"{1.0000000000000002, 0}","hasCurveFrom":false,"hasCurveTo":false,"point":"{1.0000000000000002, 0}"},{"_class":"curvePoint","cornerRadius":0,"curveFrom":"{0.082471936643869592, 0.15513466138973375}","curveMode":4,"curveTo":"{0.24145332582821669, 0}","hasCurveFrom":true,"hasCurveTo":false,"point":"{0.24145332582821669, 0}"},{"_class":"curvePoint","cornerRadius":0,"curveFrom":"{4.4081015592141533e-07, 0.67972229499607006}","curveMode":2,"curveTo":"{-0.00022030819978239265, 0.32637354477989661}","hasCurveFrom":true,"hasCurveTo":true,"point":"{4.4081015592141533e-07, 0.49999999999999978}"},{"_class":"curvePoint","cornerRadius":0,"curveFrom":"{0.24145332582821669, 1}","curveMode":4,"curveTo":"{0.087607239799009751, 0.84975111343987419}","hasCurveFrom":false,"hasCurveTo":true,"point":"{0.24145332582821669, 1}"},{"_class":"curvePoint","cornerRadius":0,"curveFrom":"{1.0000000000000002, 0.71155357610689007}","curveMode":1,"curveTo":"{1.0000000000000002, 0.71155357610689007}","hasCurveFrom":false,"hasCurveTo":false,"point":"{1.0000000000000002, 0.71155357610689007}"}]},{"_class":"shapePath","do_objectID":"E4C757A8-8764-40C9-8FAF-8ABADEAFFB08","booleanOperation":-1,"exportOptions":{"_class":"exportOptions","exportFormats":[],"includedLayerIds":[],"layerOptions":0,"shouldTrim":false},"frame":{"_class":"rect","constrainProportions":false,"height":6.88500056173344,"width":13.283,"x":0.903999999999999,"y":-5.617334362106872e-07},"isFixedToViewport":false,"isFlippedHorizontal":false,"isFlippedVertical":false,"isLocked":false,"isVisible":true,"layerListExpandedType":0,"name":"Shape","nameIsFixed":false,"resizingConstraint":63,"resizingType":0,"rotation":0,"shouldBreakMaskChain":false,"clippingMaskMode":0,"hasClippingMask":false,"style":{"_class":"style","endMarkerType":0,"fills":[{"_class":"fill","isEnabled":true,"color":{"_class":"color","alpha":1,"blue":0.2078431372549019,"green":0.2627450980392157,"red":0.9176470588235294},"fillType":0,"noiseIndex":0,"noiseIntensity":0,"patternFillType":1,"patternTileScale":1}],"miterLimit":10,"startMarkerType":0,"windingRule":0},"edited":true,"isClosed":true,"pointRadiusBehaviour":1,"points":[{"_class":"curvePoint","cornerRadius":0,"curveFrom":"{0.66581344575773549, 0.49092233637849575}","curveMode":4,"curveTo":"{0.57185876684483927, 0.49092233637849575}","hasCurveFrom":true,"hasCurveTo":false,"point":"{0.57185876684483927, 0.49092233637849575}"},{"_class":"curvePoint","cornerRadius":0,"curveFrom":"{0.81653240984717301, 0.67567177664284739}","curveMode":4,"curveTo":"{0.75013174734623211, 0.55337694275716809}","hasCurveFrom":false,"hasCurveTo":true,"point":"{0.81653240984717301, 0.67567177664284739}"},{"_class":"curvePoint","cornerRadius":0,"curveFrom":"{0.88918166076940441, 0.12229491547368079}","curveMode":4,"curveTo":"{1, 0.32156868280283984}","hasCurveFrom":true,"hasCurveTo":false,"point":"{1, 0.32156868280283984}"},{"_class":"curvePoint","cornerRadius":0,"curveFrom":"{0.32990401800289765, -0.00016918375275144077}","curveMode":3,"curveTo":"{0.74425957991417591, 8.1588001507622179e-08}","hasCurveFrom":true,"hasCurveTo":true,"point":"{0.57185876684483927, 8.1588001507622179e-08}"},{"_class":"curvePoint","cornerRadius":0,"curveFrom":"{0, 0.68017431803293837}","curveMode":4,"curveTo":"{0.10860484142530454, 0.26304615398709685}","hasCurveFrom":false,"hasCurveTo":true,"point":"{0, 0.68017431803293837}"},{"_class":"curvePoint","cornerRadius":0,"curveFrom":"{0.26409696604682675, 0.70806102599736886}","curveMode":4,"curveTo":"{0.21380712188511627, 1}","hasCurveFrom":true,"hasCurveTo":false,"point":"{0.21380712188511627, 1}"},{"_class":"curvePoint","cornerRadius":0,"curveFrom":"{0.57185876684483927, 0.49106757964914438}","curveMode":4,"curveTo":"{0.40517955281186468, 0.49106757964914438}","hasCurveFrom":false,"hasCurveTo":true,"point":"{0.57185876684483927, 0.49106757964914438}"}]}]}],"backgroundColor":{"_class":"color","alpha":1,"blue":1,"green":1,"red":1},"hasBackgroundColor":false,"horizontalRulerData":{"_class":"rulerData","base":0,"guides":[]},"includeBackgroundColorInExport":true,"includeInCloudUpload":true,"isFlowHome":false,"resizesContent":false,"verticalRulerData":{"_class":"rulerData","base":0,"guides":[]},"includeBackgroundColorInInstance":false,"symbolID":"6276BA57-AA77-480C-99E2-6657C8851998","changeIdentifier":20},{"_class":"symbolMaster","do_objectID":"2A5232BB-5BE5-4226-AB06-540750165473","booleanOperation":0,"exportOptions":{"_class":"exportOptions","exportFormats":[],"includedLayerIds":[],"layerOptions":0,"shouldTrim":false},"frame":{"_class":"rect","constrainProportions":false,"height":15,"width":18,"x":100,"y":227},"isFixedToViewport":false,"isFlippedHorizontal":false,"isFlippedVertical":false,"isLocked":false,"isVisible":true,"layerListExpandedType":1,"name":"icons\/twitter-white","nameIsFixed":false,"resizingConstraint":63,"resizingType":0,"rotation":0,"shouldBreakMaskChain":true,"clippingMaskMode":0,"hasClippingMask":false,"style":{"_class":"style","endMarkerType":0,"fills":[{"_class":"fill","isEnabled":true,"color":{"_class":"color","alpha":1,"blue":1,"green":1,"red":1},"fillType":0,"noiseIndex":0,"noiseIntensity":0,"patternFillType":1,"patternTileScale":1}],"miterLimit":10,"startMarkerType":0,"windingRule":1},"hasClickThrough":true,"layers":[{"_class":"shapePath","do_objectID":"ABF96709-C8F7-4EE0-83CC-C5E0A360F52E","booleanOperation":-1,"exportOptions":{"_class":"exportOptions","exportFormats":[],"includedLayerIds":[],"layerOptions":0,"shouldTrim":false},"frame":{"_class":"rect","constrainProportions":true,"height":14.64717101080737,"width":18,"x":0,"y":0},"isFixedToViewport":false,"isFlippedHorizontal":false,"isFlippedVertical":false,"isLocked":false,"isVisible":true,"layerListExpandedType":0,"name":"Shape","nameIsFixed":false,"resizingConstraint":63,"resizingType":0,"rotation":0,"shouldBreakMaskChain":false,"userInfo":{"com.animaapp.stc-sketch-plugin":{"kModelPropertiesKey":{"constraints":{"scaleFactor":1,"model_version":0.1,"aspectRatio":{"model_class":"ADModelConstraint","model_version":0.1,"enabled":1,"constant":14.64717,"multiplier":18,"modelID":"constraint_489cf8a3-0526-4a94-bdc9-5d0b21a5f470"},"modelID":"viewConstraints_663e0353-92cf-48ef-951c-b9eea491a665","model_class":"ADModelViewConstraints","automatic":1}}}},"clippingMaskMode":0,"hasClippingMask":false,"style":{"_class":"style","endMarkerType":0,"fills":[{"_class":"fill","isEnabled":true,"color":{"_class":"color","alpha":1,"blue":1,"green":1,"red":1},"fillType":0,"noiseIndex":0,"noiseIntensity":0,"patternFillType":1,"patternTileScale":1}],"miterLimit":10,"startMarkerType":0,"windingRule":0},"edited":true,"isClosed":true,"pointRadiusBehaviour":1,"points":[{"_class":"curvePoint","cornerRadius":0,"curveFrom":"{0.96312778130960086, 0.13854166666666642}","curveMode":4,"curveTo":"{0.97245179063361009, 0.16927083333333301}","hasCurveFrom":true,"hasCurveTo":true,"point":"{1.0000000000000013, 0.11848958333333311}"},{"_class":"curvePoint","cornerRadius":0,"curveFrom":"{0.92456028819665304, 0.12708333333333308}","curveMode":4,"curveTo":"{0.92371265098537947, 0.15208333333333307}","hasCurveFrom":true,"hasCurveTo":true,"point":"{0.88217842763297427, 0.15833333333333302}"},{"_class":"curvePoint","cornerRadius":0,"curveFrom":"{0.93282475100657047, 0.047656249999999865}","curveMode":4,"curveTo":"{0.95719432083068556, 0.077604166666666502}","hasCurveFrom":true,"hasCurveTo":true,"point":"{0.97245179063361009, 0.018749999999999937}"},{"_class":"curvePoint","cornerRadius":0,"curveFrom":"{0.80461962280144206, 0.030729166666666599}","curveMode":4,"curveTo":"{0.88895952532316291, 0.068749999999999853}","hasCurveFrom":true,"hasCurveTo":true,"point":"{0.84212756940029776, 0.07994791666666648}"},{"_class":"curvePoint","cornerRadius":0,"curveFrom":"{0.5789362152998524, 0}","curveMode":3,"curveTo":"{0.75121847849120682, 0}","hasCurveFrom":true,"hasCurveTo":true,"point":"{0.69230769230769318, 0}"},{"_class":"curvePoint","cornerRadius":0,"curveFrom":"{0.48717948717948789, 0.27213541666666619}","curveMode":3,"curveTo":"{0.48717948717948789, 0.11302083333333314}","hasCurveFrom":true,"hasCurveTo":true,"point":"{0.48717948717948789, 0.25234374999999953}"},{"_class":"curvePoint","cornerRadius":0,"curveFrom":"{0.32189023098114056, 0.29947916666666613}","curveMode":4,"curveTo":"{0.48887476160203508, 0.29140624999999948}","hasCurveFrom":true,"hasCurveTo":true,"point":"{0.49247721974994774, 0.3098958333333327}"},{"_class":"curvePoint","cornerRadius":0,"curveFrom":"{0.051917779190506552, 0.083333333333333176}","curveMode":4,"curveTo":"{0.17058698876880718, 0.19895833333333296}","hasCurveFrom":true,"hasCurveTo":true,"point":"{0.069506251324433249, 0.04609374999999992}"},{"_class":"curvePoint","cornerRadius":0,"curveFrom":"{0.041746132655223631, 0.26041666666666619}","curveMode":3,"curveTo":"{0.041746132655223631, 0.12682291666666642}","hasCurveFrom":true,"hasCurveTo":true,"point":"{0.041746132655223631, 0.17291666666666636}"},{"_class":"curvePoint","cornerRadius":0,"curveFrom":"{0.099385463021826798, 0.38203124999999927}","curveMode":4,"curveTo":"{0.078194532739987402, 0.33776041666666601}","hasCurveFrom":true,"hasCurveTo":true,"point":"{0.13329095147276981, 0.38307291666666599}"},{"_class":"curvePoint","cornerRadius":0,"curveFrom":"{0.04005085823267647, 0.352604166666666}","curveMode":4,"curveTo":"{0.067599067599067683, 0.37057291666666597}","hasCurveFrom":true,"hasCurveTo":true,"point":"{0.04005085823267647, 0.35156249999999933}"},{"_class":"curvePoint","cornerRadius":0,"curveFrom":"{0.04005085823267647, 0.47708333333333242}","curveMode":3,"curveTo":"{0.04005085823267647, 0.35364583333333272}","hasCurveFrom":true,"hasCurveTo":true,"point":"{0.04005085823267647, 0.35468749999999932}"},{"_class":"curvePoint","cornerRadius":0,"curveFrom":"{0.1875397329942787, 0.60781249999999887}","curveMode":4,"curveTo":"{0.11082856537402008, 0.57890624999999873}","hasCurveFrom":true,"hasCurveTo":true,"point":"{0.20470438652256862, 0.60208333333333219}"},{"_class":"curvePoint","cornerRadius":0,"curveFrom":"{0.13752913752913773, 0.6109374999999988}","curveMode":2,"curveTo":"{0.16931553295189683, 0.6109374999999988}","hasCurveFrom":true,"hasCurveTo":true,"point":"{0.15066751430387812, 0.6109374999999988}"},{"_class":"curvePoint","cornerRadius":0,"curveFrom":"{0.13816486543759288, 0.70651041666666525}","curveMode":4,"curveTo":"{0.12460267005721569, 0.60937499999999878}","hasCurveFrom":true,"hasCurveTo":true,"point":"{0.11210002119093043, 0.60624999999999873}"},{"_class":"curvePoint","cornerRadius":0,"curveFrom":"{0.23373596100868863, 0.84921874999999836}","curveMode":4,"curveTo":"{0.21402839584657796, 0.77942708333333177}","hasCurveFrom":true,"hasCurveTo":true,"point":"{0.30387794024157699, 0.7815104166666651}"},{"_class":"curvePoint","cornerRadius":0,"curveFrom":"{0.032422123331214289, 0.88958333333333162}","curveMode":3,"curveTo":"{0.14515787243059991, 0.88958333333333162}","hasCurveFrom":true,"hasCurveTo":true,"point":"{0.048951048951049021, 0.88958333333333162}"},{"_class":"curvePoint","cornerRadius":0,"curveFrom":"{0.090485272303454239, 0.95833333333333159}","curveMode":4,"curveTo":"{0.016105107014197949, 0.88828124999999825}","hasCurveFrom":true,"hasCurveTo":true,"point":"{0, 0.88593749999999827}"},{"_class":"curvePoint","cornerRadius":0,"curveFrom":"{0.6918838737020564, 0.99999999999999811}","curveMode":3,"curveTo":"{0.19834710743801681, 0.99999999999999811}","hasCurveFrom":true,"hasCurveTo":true,"point":"{0.31404958677686001, 0.99999999999999811}"},{"_class":"curvePoint","cornerRadius":0,"curveFrom":"{0.89828353464717225, 0.27083333333333282}","curveMode":3,"curveTo":"{0.89828353464717225, 0.61536458333333222}","hasCurveFrom":true,"hasCurveTo":true,"point":"{0.89828353464717225, 0.28177083333333275}"},{"_class":"curvePoint","cornerRadius":0,"curveFrom":"{0.93769866497139354, 0.21354166666666624}","curveMode":4,"curveTo":"{0.89807162534435381, 0.25989583333333277}","hasCurveFrom":true,"hasCurveTo":true,"point":"{0.89764780673871702, 0.24921874999999949}"}]}],"backgroundColor":{"_class":"color","alpha":1,"blue":0.7611607142857143,"green":0.7611607142857143,"red":0.7611607142857143},"hasBackgroundColor":true,"horizontalRulerData":{"_class":"rulerData","base":0,"guides":[]},"includeBackgroundColorInExport":true,"includeInCloudUpload":true,"isFlowHome":false,"resizesContent":false,"verticalRulerData":{"_class":"rulerData","base":0,"guides":[]},"includeBackgroundColorInInstance":false,"symbolID":"25B806FB-468C-41DC-9EBB-68AE3FF017A2","changeIdentifier":76},{"_class":"symbolMaster","do_objectID":"B6F2BEF7-0A43-4C31-ADEF-F252A9368D18","booleanOperation":0,"exportOptions":{"_class":"exportOptions","exportFormats":[],"includedLayerIds":[],"layerOptions":0,"shouldTrim":false},"frame":{"_class":"rect","constrainProportions":false,"height":17,"width":17,"x":328,"y":117},"isFixedToViewport":false,"isFlippedHorizontal":false,"isFlippedVertical":false,"isLocked":false,"isVisible":true,"layerListExpandedType":1,"name":"icons\/facebook","nameIsFixed":false,"resizingConstraint":63,"resizingType":0,"rotation":0,"shouldBreakMaskChain":true,"clippingMaskMode":0,"hasClippingMask":false,"style":{"_class":"style","endMarkerType":0,"miterLimit":10,"startMarkerType":0,"windingRule":1},"hasClickThrough":true,"layers":[{"_class":"shapePath","do_objectID":"A26BF9EF-F4B5-485E-AD0E-B3F0F965124C","booleanOperation":-1,"exportOptions":{"_class":"exportOptions","exportFormats":[],"includedLayerIds":[],"layerOptions":0,"shouldTrim":false},"frame":{"_class":"rect","constrainProportions":false,"height":16.99862982116795,"width":17,"x":0,"y":0},"isFixedToViewport":false,"isFlippedHorizontal":false,"isFlippedVertical":false,"isLocked":false,"isVisible":true,"layerListExpandedType":0,"name":"Shape","nameIsFixed":false,"resizingConstraint":63,"resizingType":0,"rotation":0,"shouldBreakMaskChain":false,"userInfo":{"com.animaapp.stc-sketch-plugin":{"kModelPropertiesKey":{}}},"clippingMaskMode":0,"hasClippingMask":false,"style":{"_class":"style","endMarkerType":0,"fills":[{"_class":"fill","isEnabled":true,"color":{"_class":"color","alpha":1,"blue":0.6980392156862745,"green":0.403921568627451,"red":0.2588235294117647},"fillType":0,"noiseIndex":0,"noiseIntensity":0,"patternFillType":1,"patternTileScale":1}],"miterLimit":10,"startMarkerType":0,"windingRule":0},"edited":true,"isClosed":true,"pointRadiusBehaviour":1,"points":[{"_class":"curvePoint","cornerRadius":0,"curveFrom":"{0.9453389714500321, 0}","curveMode":4,"curveTo":"{0.97590848253072882, 0}","hasCurveFrom":false,"hasCurveTo":true,"point":"{0.9453389714500321, 0}"},{"_class":"curvePoint","cornerRadius":0,"curveFrom":"{0.024548243746620135, 0}","curveMode":4,"curveTo":"{0.055117754827316914, 0}","hasCurveFrom":true,"hasCurveTo":false,"point":"{0.055117754827316914, 0}"},{"_class":"curvePoint","cornerRadius":0,"curveFrom":"{0, 0.05509259259259263}","curveMode":4,"curveTo":"{0, 0.024537037037037055}","hasCurveFrom":false,"hasCurveTo":true,"point":"{0, 0.05509259259259263}"},{"_class":"curvePoint","cornerRadius":0,"curveFrom":"{0, 0.97546296296296353}","curveMode":4,"curveTo":"{0, 0.94490740740740808}","hasCurveFrom":true,"hasCurveTo":false,"point":"{0, 0.94490740740740808}"},{"_class":"curvePoint","cornerRadius":0,"curveFrom":"{0.055117754827316914, 1.0000000000000007}","curveMode":4,"curveTo":"{0.024548243746620135, 1.0000000000000007}","hasCurveFrom":false,"hasCurveTo":true,"point":"{0.055117754827316914, 1.0000000000000007}"},{"_class":"curvePoint","cornerRadius":0,"curveFrom":"{0.53450326950187999, 1.0000000000000007}","curveMode":1,"curveTo":"{0.53450326950187999, 1.0000000000000007}","hasCurveFrom":false,"hasCurveTo":false,"point":"{0.53450326950187999, 1.0000000000000007}"},{"_class":"curvePoint","cornerRadius":0,"curveFrom":"{0.53450326950187999, 0.61296296296296349}","curveMode":1,"curveTo":"{0.53450326950187999, 0.61296296296296349}","hasCurveFrom":false,"hasCurveTo":false,"point":"{0.53450326950187999, 0.61296296296296349}"},{"_class":"curvePoint","cornerRadius":0,"curveFrom":"{0.40388808579344831, 0.61296296296296349}","curveMode":1,"curveTo":"{0.40388808579344831, 0.61296296296296349}","hasCurveFrom":false,"hasCurveTo":false,"point":"{0.40388808579344831, 0.61296296296296349}"},{"_class":"curvePoint","cornerRadius":0,"curveFrom":"{0.40388808579344831, 0.46203703703703736}","curveMode":1,"curveTo":"{0.40388808579344831, 0.46203703703703736}","hasCurveFrom":false,"hasCurveTo":false,"point":"{0.40388808579344831, 0.46203703703703736}"},{"_class":"curvePoint","cornerRadius":0,"curveFrom":"{0.53404009509156647, 0.46203703703703736}","curveMode":1,"curveTo":"{0.53404009509156647, 0.46203703703703736}","hasCurveFrom":false,"hasCurveTo":false,"point":"{0.53404009509156647, 0.46203703703703736}"},{"_class":"curvePoint","cornerRadius":0,"curveFrom":"{0.53404009509156647, 0.22175925925925938}","curveMode":4,"curveTo":"{0.53404009509156647, 0.35092592592592614}","hasCurveFrom":true,"hasCurveTo":false,"point":"{0.53404009509156647, 0.35092592592592614}"},{"_class":"curvePoint","cornerRadius":0,"curveFrom":"{0.78322792784027651, 0.15138888888888899}","curveMode":3,"curveTo":"{0.6127797448448763, 0.15138888888888899}","hasCurveFrom":true,"hasCurveTo":true,"point":"{0.72811017301295966, 0.15138888888888899}"},{"_class":"curvePoint","cornerRadius":0,"curveFrom":"{0.84483012441198369, 0.1574074074074075}","curveMode":4,"curveTo":"{0.83093489210257598, 0.15555555555555564}","hasCurveFrom":false,"hasCurveTo":true,"point":"{0.84483012441198369, 0.1574074074074075}"},{"_class":"curvePoint","cornerRadius":0,"curveFrom":"{0.84483012441198369, 0.29259259259259274}","curveMode":1,"curveTo":"{0.84483012441198369, 0.29259259259259274}","hasCurveFrom":false,"hasCurveTo":false,"point":"{0.84483012441198369, 0.29259259259259274}"},{"_class":"curvePoint","cornerRadius":0,"curveFrom":"{0.70217240603539854, 0.29259259259259274}","curveMode":4,"curveTo":"{0.76470095142773298, 0.29259259259259274}","hasCurveFrom":true,"hasCurveTo":false,"point":"{0.76470095142773298, 0.29259259259259274}"},{"_class":"curvePoint","cornerRadius":0,"curveFrom":"{0.68966669695693172, 0.36620370370370392}","curveMode":4,"curveTo":"{0.68966669695693172, 0.32222222222222241}","hasCurveFrom":false,"hasCurveTo":true,"point":"{0.68966669695693172, 0.36620370370370392}"},{"_class":"curvePoint","cornerRadius":0,"curveFrom":"{0.68966669695693172, 0.4625000000000003}","curveMode":1,"curveTo":"{0.68966669695693172, 0.4625000000000003}","hasCurveFrom":false,"hasCurveTo":false,"point":"{0.68966669695693172, 0.4625000000000003}"},{"_class":"curvePoint","cornerRadius":0,"curveFrom":"{0.83927203148822049, 0.4625000000000003}","curveMode":1,"curveTo":"{0.83927203148822049, 0.4625000000000003}","hasCurveFrom":false,"hasCurveTo":false,"point":"{0.83927203148822049, 0.4625000000000003}"},{"_class":"curvePoint","cornerRadius":0,"curveFrom":"{0.81981870625504982, 0.61342592592592637}","curveMode":1,"curveTo":"{0.81981870625504982, 0.61342592592592637}","hasCurveFrom":false,"hasCurveTo":false,"point":"{0.81981870625504982, 0.61342592592592637}"},{"_class":"curvePoint","cornerRadius":0,"curveFrom":"{0.69012987136724535, 0.61342592592592637}","curveMode":1,"curveTo":"{0.69012987136724535, 0.61342592592592637}","hasCurveFrom":false,"hasCurveTo":false,"point":"{0.69012987136724535, 0.61342592592592637}"},{"_class":"curvePoint","cornerRadius":0,"curveFrom":"{0.69012987136724535, 1.0000000000000007}","curveMode":1,"curveTo":"{0.69012987136724535, 1.0000000000000007}","hasCurveFrom":false,"hasCurveTo":false,"point":"{0.69012987136724535, 1.0000000000000007}"},{"_class":"curvePoint","cornerRadius":0,"curveFrom":"{0.97544530812041519, 1.0000000000000007}","curveMode":4,"curveTo":"{0.94487579703971858, 1.0000000000000007}","hasCurveFrom":true,"hasCurveTo":false,"point":"{0.94487579703971858, 1.0000000000000007}"},{"_class":"curvePoint","cornerRadius":0,"curveFrom":"{0.99999355186703542, 0.94490740740740808}","curveMode":4,"curveTo":"{0.99999355186703542, 0.97546296296296353}","hasCurveFrom":false,"hasCurveTo":true,"point":"{0.99999355186703542, 0.94490740740740808}"},{"_class":"curvePoint","cornerRadius":0,"curveFrom":"{1.0004567262773489, 0.024537037037037055}","curveMode":4,"curveTo":"{0.99999355186703542, 0.05509259259259263}","hasCurveFrom":true,"hasCurveTo":false,"point":"{0.99999355186703542, 0.05509259259259263}"}]}],"backgroundColor":{"_class":"color","alpha":1,"blue":1,"green":1,"red":1},"hasBackgroundColor":false,"horizontalRulerData":{"_class":"rulerData","base":0,"guides":[]},"includeBackgroundColorInExport":true,"includeInCloudUpload":true,"isFlowHome":false,"resizesContent":false,"verticalRulerData":{"_class":"rulerData","base":0,"guides":[]},"includeBackgroundColorInInstance":false,"symbolID":"8631B6BE-C6A1-4344-BA63-42488EC11616","changeIdentifier":23},{"_class":"symbolMaster","do_objectID":"071906EF-F16A-488F-8514-6A148CA4E2EA","booleanOperation":0,"exportOptions":{"_class":"exportOptions","exportFormats":[],"includedLayerIds":[],"layerOptions":0,"shouldTrim":false},"frame":{"_class":"rect","constrainProportions":false,"height":17,"width":17,"x":328,"y":234},"isFixedToViewport":false,"isFlippedHorizontal":false,"isFlippedVertical":false,"isLocked":false,"isVisible":true,"layerListExpandedType":1,"name":"icons\/facebook-white","nameIsFixed":false,"resizingConstraint":63,"resizingType":0,"rotation":0,"shouldBreakMaskChain":true,"clippingMaskMode":0,"hasClippingMask":false,"style":{"_class":"style","endMarkerType":0,"miterLimit":10,"startMarkerType":0,"windingRule":1},"hasClickThrough":true,"layers":[{"_class":"shapePath","do_objectID":"44A6741A-E940-4B18-A642-9992CA5817E2","booleanOperation":-1,"exportOptions":{"_class":"exportOptions","exportFormats":[],"includedLayerIds":[],"layerOptions":0,"shouldTrim":false},"frame":{"_class":"rect","constrainProportions":false,"height":16.99862982116795,"width":17,"x":0,"y":0},"isFixedToViewport":false,"isFlippedHorizontal":false,"isFlippedVertical":false,"isLocked":false,"isVisible":true,"layerListExpandedType":0,"name":"Shape","nameIsFixed":false,"resizingConstraint":63,"resizingType":0,"rotation":0,"shouldBreakMaskChain":false,"userInfo":{"com.animaapp.stc-sketch-plugin":{"kModelPropertiesKey":{}}},"clippingMaskMode":0,"hasClippingMask":false,"style":{"_class":"style","endMarkerType":0,"fills":[{"_class":"fill","isEnabled":true,"color":{"_class":"color","alpha":1,"blue":1,"green":1,"red":1},"fillType":0,"noiseIndex":0,"noiseIntensity":0,"patternFillType":1,"patternTileScale":1}],"miterLimit":10,"startMarkerType":0,"windingRule":0},"edited":true,"isClosed":true,"pointRadiusBehaviour":1,"points":[{"_class":"curvePoint","cornerRadius":0,"curveFrom":"{0.9453389714500321, 0}","curveMode":4,"curveTo":"{0.97590848253072882, 0}","hasCurveFrom":false,"hasCurveTo":true,"point":"{0.9453389714500321, 0}"},{"_class":"curvePoint","cornerRadius":0,"curveFrom":"{0.024548243746620135, 0}","curveMode":4,"curveTo":"{0.055117754827316914, 0}","hasCurveFrom":true,"hasCurveTo":false,"point":"{0.055117754827316914, 0}"},{"_class":"curvePoint","cornerRadius":0,"curveFrom":"{0, 0.05509259259259263}","curveMode":4,"curveTo":"{0, 0.024537037037037055}","hasCurveFrom":false,"hasCurveTo":true,"point":"{0, 0.05509259259259263}"},{"_class":"curvePoint","cornerRadius":0,"curveFrom":"{0, 0.97546296296296353}","curveMode":4,"curveTo":"{0, 0.94490740740740808}","hasCurveFrom":true,"hasCurveTo":false,"point":"{0, 0.94490740740740808}"},{"_class":"curvePoint","cornerRadius":0,"curveFrom":"{0.055117754827316914, 1.0000000000000007}","curveMode":4,"curveTo":"{0.024548243746620135, 1.0000000000000007}","hasCurveFrom":false,"hasCurveTo":true,"point":"{0.055117754827316914, 1.0000000000000007}"},{"_class":"curvePoint","cornerRadius":0,"curveFrom":"{0.53450326950187999, 1.0000000000000007}","curveMode":1,"curveTo":"{0.53450326950187999, 1.0000000000000007}","hasCurveFrom":false,"hasCurveTo":false,"point":"{0.53450326950187999, 1.0000000000000007}"},{"_class":"curvePoint","cornerRadius":0,"curveFrom":"{0.53450326950187999, 0.61296296296296349}","curveMode":1,"curveTo":"{0.53450326950187999, 0.61296296296296349}","hasCurveFrom":false,"hasCurveTo":false,"point":"{0.53450326950187999, 0.61296296296296349}"},{"_class":"curvePoint","cornerRadius":0,"curveFrom":"{0.40388808579344831, 0.61296296296296349}","curveMode":1,"curveTo":"{0.40388808579344831, 0.61296296296296349}","hasCurveFrom":false,"hasCurveTo":false,"point":"{0.40388808579344831, 0.61296296296296349}"},{"_class":"curvePoint","cornerRadius":0,"curveFrom":"{0.40388808579344831, 0.46203703703703736}","curveMode":1,"curveTo":"{0.40388808579344831, 0.46203703703703736}","hasCurveFrom":false,"hasCurveTo":false,"point":"{0.40388808579344831, 0.46203703703703736}"},{"_class":"curvePoint","cornerRadius":0,"curveFrom":"{0.53404009509156647, 0.46203703703703736}","curveMode":1,"curveTo":"{0.53404009509156647, 0.46203703703703736}","hasCurveFrom":false,"hasCurveTo":false,"point":"{0.53404009509156647, 0.46203703703703736}"},{"_class":"curvePoint","cornerRadius":0,"curveFrom":"{0.53404009509156647, 0.22175925925925938}","curveMode":4,"curveTo":"{0.53404009509156647, 0.35092592592592614}","hasCurveFrom":true,"hasCurveTo":false,"point":"{0.53404009509156647, 0.35092592592592614}"},{"_class":"curvePoint","cornerRadius":0,"curveFrom":"{0.78322792784027651, 0.15138888888888899}","curveMode":3,"curveTo":"{0.6127797448448763, 0.15138888888888899}","hasCurveFrom":true,"hasCurveTo":true,"point":"{0.72811017301295966, 0.15138888888888899}"},{"_class":"curvePoint","cornerRadius":0,"curveFrom":"{0.84483012441198369, 0.1574074074074075}","curveMode":4,"curveTo":"{0.83093489210257598, 0.15555555555555564}","hasCurveFrom":false,"hasCurveTo":true,"point":"{0.84483012441198369, 0.1574074074074075}"},{"_class":"curvePoint","cornerRadius":0,"curveFrom":"{0.84483012441198369, 0.29259259259259274}","curveMode":1,"curveTo":"{0.84483012441198369, 0.29259259259259274}","hasCurveFrom":false,"hasCurveTo":false,"point":"{0.84483012441198369, 0.29259259259259274}"},{"_class":"curvePoint","cornerRadius":0,"curveFrom":"{0.70217240603539854, 0.29259259259259274}","curveMode":4,"curveTo":"{0.76470095142773298, 0.29259259259259274}","hasCurveFrom":true,"hasCurveTo":false,"point":"{0.76470095142773298, 0.29259259259259274}"},{"_class":"curvePoint","cornerRadius":0,"curveFrom":"{0.68966669695693172, 0.36620370370370392}","curveMode":4,"curveTo":"{0.68966669695693172, 0.32222222222222241}","hasCurveFrom":false,"hasCurveTo":true,"point":"{0.68966669695693172, 0.36620370370370392}"},{"_class":"curvePoint","cornerRadius":0,"curveFrom":"{0.68966669695693172, 0.4625000000000003}","curveMode":1,"curveTo":"{0.68966669695693172, 0.4625000000000003}","hasCurveFrom":false,"hasCurveTo":false,"point":"{0.68966669695693172, 0.4625000000000003}"},{"_class":"curvePoint","cornerRadius":0,"curveFrom":"{0.83927203148822049, 0.4625000000000003}","curveMode":1,"curveTo":"{0.83927203148822049, 0.4625000000000003}","hasCurveFrom":false,"hasCurveTo":false,"point":"{0.83927203148822049, 0.4625000000000003}"},{"_class":"curvePoint","cornerRadius":0,"curveFrom":"{0.81981870625504982, 0.61342592592592637}","curveMode":1,"curveTo":"{0.81981870625504982, 0.61342592592592637}","hasCurveFrom":false,"hasCurveTo":false,"point":"{0.81981870625504982, 0.61342592592592637}"},{"_class":"curvePoint","cornerRadius":0,"curveFrom":"{0.69012987136724535, 0.61342592592592637}","curveMode":1,"curveTo":"{0.69012987136724535, 0.61342592592592637}","hasCurveFrom":false,"hasCurveTo":false,"point":"{0.69012987136724535, 0.61342592592592637}"},{"_class":"curvePoint","cornerRadius":0,"curveFrom":"{0.69012987136724535, 1.0000000000000007}","curveMode":1,"curveTo":"{0.69012987136724535, 1.0000000000000007}","hasCurveFrom":false,"hasCurveTo":false,"point":"{0.69012987136724535, 1.0000000000000007}"},{"_class":"curvePoint","cornerRadius":0,"curveFrom":"{0.97544530812041519, 1.0000000000000007}","curveMode":4,"curveTo":"{0.94487579703971858, 1.0000000000000007}","hasCurveFrom":true,"hasCurveTo":false,"point":"{0.94487579703971858, 1.0000000000000007}"},{"_class":"curvePoint","cornerRadius":0,"curveFrom":"{0.99999355186703542, 0.94490740740740808}","curveMode":4,"curveTo":"{0.99999355186703542, 0.97546296296296353}","hasCurveFrom":false,"hasCurveTo":true,"point":"{0.99999355186703542, 0.94490740740740808}"},{"_class":"curvePoint","cornerRadius":0,"curveFrom":"{1.0004567262773489, 0.024537037037037055}","curveMode":4,"curveTo":"{0.99999355186703542, 0.05509259259259263}","hasCurveFrom":true,"hasCurveTo":false,"point":"{0.99999355186703542, 0.05509259259259263}"}]}],"backgroundColor":{"_class":"color","alpha":1,"blue":1,"green":1,"red":1},"hasBackgroundColor":false,"horizontalRulerData":{"_class":"rulerData","base":0,"guides":[]},"includeBackgroundColorInExport":true,"includeInCloudUpload":true,"isFlowHome":false,"resizesContent":false,"verticalRulerData":{"_class":"rulerData","base":0,"guides":[]},"includeBackgroundColorInInstance":false,"symbolID":"1C1D0B2D-BD2F-4C89-9829-C5F379F669C9","changeIdentifier":28},{"_class":"symbolMaster","do_objectID":"020CB7EB-79A9-4E5B-B90E-1308282CFF7E","booleanOperation":0,"exportOptions":{"_class":"exportOptions","do_objectID":"B7A85179-7B98-4B09-82FA-BF75B09F5DDF","exportFormats":[],"includedLayerIds":[],"layerOptions":0,"shouldTrim":false},"frame":{"_class":"rect","do_objectID":"5BA71BAA-D3B8-427E-8F73-A5B9397E99DC","constrainProportions":false,"height":24,"width":24,"x":445,"y":0},"isFixedToViewport":false,"isFlippedHorizontal":false,"isFlippedVertical":false,"isLocked":false,"isVisible":true,"layerListExpandedType":1,"name":"colors\/grey-light","nameIsFixed":true,"resizingConstraint":63,"resizingType":0,"rotation":0,"shouldBreakMaskChain":true,"userInfo":{"com.animaapp.stc-sketch-plugin":{"kModelPropertiesKey":{}}},"clippingMaskMode":0,"hasClippingMask":false,"style":{"_class":"style","do_objectID":"EFC128F2-BF80-48C4-9833-0D69A52FAB7A","endMarkerType":0,"miterLimit":10,"startMarkerType":0,"windingRule":1},"hasClickThrough":true,"layers":[{"_class":"rectangle","do_objectID":"4D6434C2-0FB0-4B3D-AB08-EB489AF5A2ED","booleanOperation":-1,"exportOptions":{"_class":"exportOptions","do_objectID":"6E30B663-04CF-4514-B927-B3EFC547C013","exportFormats":[],"includedLayerIds":[],"layerOptions":0,"shouldTrim":false},"frame":{"_class":"rect","constrainProportions":false,"height":24,"width":24,"x":0,"y":0},"isFixedToViewport":false,"isFlippedHorizontal":false,"isFlippedVertical":false,"isLocked":false,"isVisible":true,"layerListExpandedType":0,"name":"Rectangle 12","nameIsFixed":false,"resizingConstraint":63,"resizingType":0,"rotation":0,"shouldBreakMaskChain":false,"userInfo":{"com.animaapp.stc-sketch-plugin":{"kModelPropertiesKey":{}}},"clippingMaskMode":0,"hasClippingMask":false,"style":{"_class":"style","do_objectID":"285CC825-BF14-4D5F-8EC4-B61AD5AEB235","borders":[{"_class":"border","isEnabled":false,"color":{"_class":"color","alpha":1,"blue":0.592,"green":0.592,"red":0.592},"fillType":0,"position":1,"thickness":1}],"endMarkerType":0,"fills":[{"_class":"fill","isEnabled":true,"color":{"_class":"color","alpha":1,"blue":0.5490196078431373,"green":0.5294117647058824,"red":0.5058823529411764},"fillType":0,"noiseIndex":0,"noiseIntensity":0,"patternFillType":1,"patternTileScale":1}],"miterLimit":10,"startMarkerType":0,"windingRule":1},"edited":false,"isClosed":true,"pointRadiusBehaviour":1,"points":[{"_class":"curvePoint","cornerRadius":0,"curveFrom":"{0, 0}","curveMode":1,"curveTo":"{0, 0}","hasCurveFrom":false,"hasCurveTo":false,"point":"{0, 0}"},{"_class":"curvePoint","cornerRadius":0,"curveFrom":"{1, 0}","curveMode":1,"curveTo":"{1, 0}","hasCurveFrom":false,"hasCurveTo":false,"point":"{1, 0}"},{"_class":"curvePoint","cornerRadius":0,"curveFrom":"{1, 1}","curveMode":1,"curveTo":"{1, 1}","hasCurveFrom":false,"hasCurveTo":false,"point":"{1, 1}"},{"_class":"curvePoint","cornerRadius":0,"curveFrom":"{0, 1}","curveMode":1,"curveTo":"{0, 1}","hasCurveFrom":false,"hasCurveTo":false,"point":"{0, 1}"}],"fixedRadius":0,"hasConvertedToNewRoundCorners":true}],"backgroundColor":{"_class":"color","do_objectID":"8EB6D382-6264-4358-8282-C65679AA3DCD","alpha":1,"blue":1,"green":1,"red":1},"hasBackgroundColor":false,"horizontalRulerData":{"_class":"rulerData","do_objectID":"1D91B570-1B1C-4EDB-9E45-09C3602A3CDD","base":0,"guides":[]},"includeBackgroundColorInExport":true,"includeInCloudUpload":true,"isFlowHome":false,"resizesContent":false,"verticalRulerData":{"_class":"rulerData","do_objectID":"67E74586-0333-4337-9F93-1D3C0DF84A34","base":0,"guides":[]},"includeBackgroundColorInInstance":true,"symbolID":"CF4CB495-96B9-4F1F-A037-3A4283EFF6E5","changeIdentifier":56},{"_class":"symbolMaster","do_objectID":"5F8B89A6-1DD4-4799-A42B-9EC4147567C3","booleanOperation":0,"exportOptions":{"_class":"exportOptions","do_objectID":"CC958A25-4BEF-4BF5-A9FB-4B78BE3539C5","exportFormats":[{"_class":"exportFormat","absoluteSize":0,"fileFormat":"svg","name":"","namingScheme":0,"scale":1,"visibleScaleType":0}],"includedLayerIds":[],"layerOptions":0,"shouldTrim":false},"frame":{"_class":"rect","do_objectID":"907B56BA-5CE5-4D61-A563-1AD1425F4F98","constrainProportions":false,"height":24,"width":24,"x":445,"y":124},"isFixedToViewport":false,"isFlippedHorizontal":false,"isFlippedVertical":false,"isLocked":false,"isVisible":true,"layerListExpandedType":1,"name":"icons\/functional\/caret_down","nameIsFixed":true,"resizingConstraint":63,"resizingType":0,"rotation":0,"shouldBreakMaskChain":true,"userInfo":{"com.animaapp.stc-sketch-plugin":{"kModelPropertiesKey":{}}},"clippingMaskMode":0,"hasClippingMask":false,"style":{"_class":"style","do_objectID":"AE5D6BC8-2B7B-4C74-B42F-57667FAB07DF","endMarkerType":0,"miterLimit":10,"startMarkerType":0,"windingRule":1},"hasClickThrough":true,"layers":[{"_class":"shapePath","do_objectID":"201CF98B-B921-4A55-9215-55C640233052","booleanOperation":-1,"exportOptions":{"_class":"exportOptions","do_objectID":"E4F45707-4FB7-471C-A127-9811E936FEE1","exportFormats":[],"includedLayerIds":[],"layerOptions":0,"shouldTrim":false},"frame":{"_class":"rect","constrainProportions":false,"height":11,"width":14,"x":10,"y":13},"isFixedToViewport":false,"isFlippedHorizontal":false,"isFlippedVertical":false,"isLocked":false,"isVisible":true,"layerListExpandedType":0,"name":"Page 1","nameIsFixed":false,"resizingConstraint":41,"resizingType":0,"rotation":-180,"shouldBreakMaskChain":false,"userInfo":{"com.animaapp.stc-sketch-plugin":{"kModelPropertiesKey":{}}},"clippingMaskMode":0,"hasClippingMask":false,"style":{"_class":"style","do_objectID":"C5EDFA5B-4CC7-4AEC-909A-020478AE53CF","endMarkerType":0,"fills":[{"_class":"fill","isEnabled":true,"color":{"_class":"color","alpha":1,"blue":0.2666666666666666,"green":0.184313725490196,"red":0.8470588235294118},"fillType":0,"noiseIndex":0,"noiseIntensity":0,"patternFillType":1,"patternTileScale":1}],"miterLimit":10,"startMarkerType":0,"windingRule":1},"edited":true,"isClosed":true,"pointRadiusBehaviour":1,"points":[{"_class":"curvePoint","cornerRadius":0,"curveFrom":"{0, 1}","curveMode":1,"curveTo":"{0, 1}","hasCurveFrom":false,"hasCurveTo":false,"point":"{0, 1}"},{"_class":"curvePoint","cornerRadius":0,"curveFrom":"{1, 1}","curveMode":1,"curveTo":"{1, 1}","hasCurveFrom":false,"hasCurveTo":false,"point":"{1, 1}"},{"_class":"curvePoint","cornerRadius":0,"curveFrom":"{0.5, 0}","curveMode":1,"curveTo":"{0.5, 0}","hasCurveFrom":false,"hasCurveTo":false,"point":"{0.5, 0}"}]}],"backgroundColor":{"_class":"color","do_objectID":"CA4ED01D-5476-4E65-A9F1-C0276CBF8184","alpha":1,"blue":1,"green":1,"red":1},"hasBackgroundColor":false,"horizontalRulerData":{"_class":"rulerData","do_objectID":"298FBD69-9550-4380-80EF-26845D53B3BC","base":0,"guides":[]},"includeBackgroundColorInExport":true,"includeInCloudUpload":true,"isFlowHome":false,"resizesContent":false,"verticalRulerData":{"_class":"rulerData","do_objectID":"47CC8C30-2A2E-4D21-971F-BF33F4BC3448","base":0,"guides":[]},"includeBackgroundColorInInstance":true,"symbolID":"0D74CA87-1D68-4030-BE47-6D624E02A818","changeIdentifier":951},{"_class":"symbolMaster","do_objectID":"3A49BF35-BFC1-4604-8348-8522CC4E96CF","booleanOperation":0,"exportOptions":{"_class":"exportOptions","do_objectID":"A4B352DD-FAA6-4580-A2F7-CA0B6E94F25D","exportFormats":[{"_class":"exportFormat","absoluteSize":0,"fileFormat":"svg","name":"","namingScheme":0,"scale":1,"visibleScaleType":0}],"includedLayerIds":[],"layerOptions":0,"shouldTrim":false},"frame":{"_class":"rect","do_objectID":"996E646F-6C4D-4AD1-A55E-588EAA952FB4","constrainProportions":false,"height":24,"width":24,"x":445,"y":248},"isFixedToViewport":false,"isFlippedHorizontal":false,"isFlippedVertical":false,"isLocked":false,"isVisible":true,"layerListExpandedType":1,"name":"icons\/functional\/refresh","nameIsFixed":true,"resizingConstraint":63,"resizingType":0,"rotation":0,"shouldBreakMaskChain":true,"userInfo":{"com.animaapp.stc-sketch-plugin":{"kModelPropertiesKey":{}}},"clippingMaskMode":0,"hasClippingMask":false,"style":{"_class":"style","do_objectID":"A54771C6-5566-4138-B7CB-AF879E824070","endMarkerType":0,"miterLimit":10,"startMarkerType":0,"windingRule":1},"hasClickThrough":true,"layers":[{"_class":"shapeGroup","do_objectID":"7703699D-B3B2-46CE-8A2E-4D8E2442F6DD","booleanOperation":0,"exportOptions":{"_class":"exportOptions","do_objectID":"880AAB5C-1D0C-478F-A15A-2ABA7DE38F9E","exportFormats":[],"includedLayerIds":[],"layerOptions":0,"shouldTrim":false},"frame":{"_class":"rect","do_objectID":"5604B446-87A9-4D2F-9E96-CD834BF413CF","constrainProportions":false,"height":24,"width":18.3998899360513,"x":2.799999952316284,"y":0},"isFixedToViewport":false,"isFlippedHorizontal":false,"isFlippedVertical":false,"isLocked":false,"isVisible":true,"layerListExpandedType":0,"name":"Combined Shape","nameIsFixed":false,"resizingConstraint":63,"resizingType":0,"rotation":0,"shouldBreakMaskChain":false,"userInfo":{"com.animaapp.stc-sketch-plugin":{"kModelPropertiesKey":{}}},"clippingMaskMode":0,"hasClippingMask":true,"style":{"_class":"style","do_objectID":"8877F1CD-2AE6-4AA8-B62B-E84141B604C1","endMarkerType":0,"fills":[{"_class":"fill","isEnabled":true,"color":{"_class":"color","alpha":1,"blue":0.004942602040816328,"green":0.004942602040816328,"red":0.004942602040816328},"fillType":0,"noiseIndex":0,"noiseIntensity":0,"patternFillType":1,"patternTileScale":1}],"miterLimit":10,"startMarkerType":0,"windingRule":0},"hasClickThrough":false,"layers":[{"_class":"shapePath","do_objectID":"CA5439D7-D19A-4C74-9BC1-3344FA256C5E","booleanOperation":0,"exportOptions":{"_class":"exportOptions","do_objectID":"1A47B8A2-B2C8-4EEA-91C9-580367C6638F","exportFormats":[],"includedLayerIds":[],"layerOptions":0,"shouldTrim":false},"frame":{"_class":"rect","do_objectID":"41005D33-350E-4F90-9768-CDA711A7453C","constrainProportions":false,"height":16.02589435549525,"width":10.31545418151438,"x":0,"y":2.782296365918735},"isFixedToViewport":false,"isFlippedHorizontal":false,"isFlippedVertical":false,"isLocked":false,"isVisible":true,"layerListExpandedType":0,"name":"Oval 9","nameIsFixed":false,"resizingConstraint":63,"resizingType":0,"rotation":0,"shouldBreakMaskChain":false,"clippingMaskMode":0,"hasClippingMask":false,"style":{"_class":"style","do_objectID":"8877F1CD-2AE6-4AA8-B62B-E84141B604C1","endMarkerType":0,"fills":[{"_class":"fill","isEnabled":true,"color":{"_class":"color","alpha":1,"blue":0.004942602040816328,"green":0.004942602040816328,"red":0.004942602040816328},"fillType":0,"noiseIndex":0,"noiseIntensity":0,"patternFillType":1,"patternTileScale":1}],"miterLimit":10,"startMarkerType":0,"windingRule":0},"edited":true,"isClosed":true,"pointRadiusBehaviour":1,"points":[{"_class":"curvePoint","cornerRadius":0,"curveFrom":"{0.9515842465300105, 0}","curveMode":3,"curveTo":"{0.39929949672335047, 0}","hasCurveFrom":true,"hasCurveTo":true,"point":"{0.89186038793252687, 0}"},{"_class":"curvePoint","cornerRadius":0,"curveFrom":"{1, 0.10800813869311304}","curveMode":2,"curveTo":"{1, 0.031152074927340873}","hasCurveFrom":true,"hasCurveTo":true,"point":"{1, 0.069580106810226972}"},{"_class":"curvePoint","cornerRadius":0,"curveFrom":"{0.51874721391831724, 0.13916021362045394}","curveMode":3,"curveTo":"{0.9515842465300105, 0.13916021362045394}","hasCurveFrom":true,"hasCurveTo":true,"point":"{0.89186038793252687, 0.13916021362045394}"},{"_class":"curvePoint","cornerRadius":0,"curveFrom":"{0.21627922413494619, 0.69076616508307964}","curveMode":3,"curveTo":"{0.21627922413494619, 0.33377673418527942}","hasCurveFrom":true,"hasCurveTo":true,"point":"{0.21627922413494619, 0.57384837864441807}"},{"_class":"curvePoint","cornerRadius":0,"curveFrom":"{0.45638351119131498, 0.90839204976061871}","curveMode":3,"curveTo":"{0.28820383205517136, 0.80018045352980183}","hasCurveFrom":true,"hasCurveTo":true,"point":"{0.41415236577840797, 0.88121932782857704}"},{"_class":"curvePoint","cornerRadius":0,"curveFrom":"{0.37192122036550096, 1.0067931804830104}","curveMode":2,"curveTo":"{0.45638351119131498, 0.95244773661892712}","hasCurveFrom":true,"hasCurveTo":true,"point":"{0.41415236577840797, 0.9796204585509688}"},{"_class":"curvePoint","cornerRadius":0,"curveFrom":"{0.095113187022235673, 0.87274269368558288}","curveMode":3,"curveTo":"{0.30345100517572932, 1.0067931804830104}","hasCurveFrom":true,"hasCurveTo":true,"point":"{0.2612198597628223, 0.9796204585509688}"},{"_class":"curvePoint","cornerRadius":0,"curveFrom":"{0, 0.25692067041950728}","curveMode":3,"curveTo":"{0, 0.72805310856500083}","hasCurveFrom":true,"hasCurveTo":true,"point":"{0, 0.57384837864441807}"}]},{"_class":"shapePath","do_objectID":"E6F7BC5A-FAF6-4AD8-9DE5-5A3FF35A2891","booleanOperation":0,"exportOptions":{"_class":"exportOptions","do_objectID":"E9F7A917-D0D0-4C89-8C0F-1497F919C677","exportFormats":[],"includedLayerIds":[],"layerOptions":0,"shouldTrim":false},"frame":{"_class":"rect","do_objectID":"7A30D513-5752-4B6C-8FA7-1EBD458E819B","constrainProportions":false,"height":16.02589435549525,"width":10.31545418151441,"x":8.084435754536894,"y":5.149268994878849},"isFixedToViewport":false,"isFlippedHorizontal":false,"isFlippedVertical":false,"isLocked":false,"isVisible":true,"layerListExpandedType":0,"name":"Oval","nameIsFixed":false,"resizingConstraint":63,"resizingType":0,"rotation":0,"shouldBreakMaskChain":false,"clippingMaskMode":0,"hasClippingMask":false,"style":{"_class":"style","do_objectID":"8877F1CD-2AE6-4AA8-B62B-E84141B604C1","endMarkerType":0,"fills":[{"_class":"fill","isEnabled":true,"color":{"_class":"color","alpha":1,"blue":0.004942602040816328,"green":0.004942602040816328,"red":0.004942602040816328},"fillType":0,"noiseIndex":0,"noiseIntensity":0,"patternFillType":1,"patternTileScale":1}],"miterLimit":10,"startMarkerType":0,"windingRule":0},"edited":true,"isClosed":true,"pointRadiusBehaviour":1,"points":[{"_class":"curvePoint","cornerRadius":0,"curveFrom":"{0.048415753469989622, 1}","curveMode":3,"curveTo":"{0.6007005032766497, 1}","hasCurveFrom":true,"hasCurveTo":true,"point":"{0.10813961206747294, 1}"},{"_class":"curvePoint","cornerRadius":0,"curveFrom":"{0, 0.8919918613068869}","curveMode":2,"curveTo":"{0, 0.96884792507265927}","hasCurveFrom":true,"hasCurveTo":true,"point":"{0, 0.93041989318977303}"},{"_class":"curvePoint","cornerRadius":0,"curveFrom":"{0.48125278608168276, 0.86083978637954617}","curveMode":3,"curveTo":"{0.048415753469989622, 0.86083978637954617}","hasCurveFrom":true,"hasCurveTo":true,"point":"{0.10813961206747294, 0.86083978637954617}"},{"_class":"curvePoint","cornerRadius":0,"curveFrom":"{0.78372077586505418, 0.3092338349169208}","curveMode":3,"curveTo":"{0.78372077586505418, 0.66622326581472058}","hasCurveFrom":true,"hasCurveTo":true,"point":"{0.78372077586505418, 0.42615162135558221}"},{"_class":"curvePoint","cornerRadius":0,"curveFrom":"{0.54361648880868418, 0.091607950239381217}","curveMode":3,"curveTo":"{0.71179616794482814, 0.19981954647019809}","hasCurveFrom":true,"hasCurveTo":true,"point":"{0.58584763422159125, 0.11878067217142275}"},{"_class":"curvePoint","cornerRadius":0,"curveFrom":"{0.62807877963449799, -0.0067931804830103993}","curveMode":2,"curveTo":"{0.54361648880868418, 0.047552263381072907}","hasCurveFrom":true,"hasCurveTo":true,"point":"{0.58584763422159114, 0.020379541449031254}"},{"_class":"curvePoint","cornerRadius":0,"curveFrom":"{0.90488681297776385, 0.12725730631441709}","curveMode":3,"curveTo":"{0.69654899482426957, -0.0067931804830103993}","hasCurveFrom":true,"hasCurveTo":true,"point":"{0.73878014023717664, 0.020379541449031143}"},{"_class":"curvePoint","cornerRadius":0,"curveFrom":"{1, 0.74307932958049283}","curveMode":3,"curveTo":"{1, 0.27194689143499962}","hasCurveFrom":true,"hasCurveTo":true,"point":"{1, 0.42615162135558221}"}]},{"_class":"shapePath","do_objectID":"D234C400-F19B-43E0-8BEB-D77BE7F4C3CA","booleanOperation":0,"exportOptions":{"_class":"exportOptions","do_objectID":"1956F8AA-3B7A-49C6-991E-AF3854A69AAA","exportFormats":[],"includedLayerIds":[],"layerOptions":0,"shouldTrim":false},"frame":{"_class":"rect","do_objectID":"27B6AB1B-D1D5-4C03-886A-8249953B3FF5","constrainProportions":false,"height":7.826679162282797,"width":4.437729613917323,"x":9.024236668341347,"y":0},"isFixedToViewport":false,"isFlippedHorizontal":false,"isFlippedVertical":false,"isLocked":false,"isVisible":true,"layerListExpandedType":0,"name":"Shape Copy","nameIsFixed":false,"resizingConstraint":63,"resizingType":0,"rotation":0,"shouldBreakMaskChain":false,"userInfo":{"com.animaapp.stc-sketch-plugin":{"kModelPropertiesKey":{}}},"clippingMaskMode":0,"hasClippingMask":false,"style":{"_class":"style","do_objectID":"8877F1CD-2AE6-4AA8-B62B-E84141B604C1","endMarkerType":0,"fills":[{"_class":"fill","isEnabled":true,"color":{"_class":"color","alpha":1,"blue":0.004942602040816328,"green":0.004942602040816328,"red":0.004942602040816328},"fillType":0,"noiseIndex":0,"noiseIntensity":0,"patternFillType":1,"patternTileScale":1}],"miterLimit":10,"startMarkerType":0,"windingRule":0},"edited":true,"isClosed":true,"pointRadiusBehaviour":1,"points":[{"_class":"curvePoint","cornerRadius":0,"curveFrom":"{0.16952612774787984, 0.99353704731915526}","curveMode":4,"curveTo":"{0.19047625834713247, 0.98198579367073813}","hasCurveFrom":true,"hasCurveTo":false,"point":"{0.19047625834713247, 0.98198579367073813}"},{"_class":"curvePoint","cornerRadius":0,"curveFrom":"{0.050244217323580254, 1}","curveMode":3,"curveTo":"{0.14145143956666517, 1}","hasCurveFrom":true,"hasCurveTo":true,"point":"{0.11222360039018402, 1}"},{"_class":"curvePoint","cornerRadius":0,"curveFrom":"{0, 0.93639346921054534}","curveMode":4,"curveTo":"{0, 0.97152238615520403}","hasCurveFrom":false,"hasCurveTo":true,"point":"{0, 0.93639346921054534}"},{"_class":"curvePoint","cornerRadius":0,"curveFrom":"{2.2021715924003263e-16, 0.046597477570806102}","curveMode":4,"curveTo":"{2.2021715924003263e-16, 0.063606538792651393}","hasCurveFrom":true,"hasCurveTo":false,"point":"{2.2021715924003263e-16, 0.063606538792651393}"},{"_class":"curvePoint","cornerRadius":0,"curveFrom":"{0.077475990168289405, -0.0063360284504613692}","curveMode":3,"curveTo":"{0.012019402361548059, 0.030296989607571816}","hasCurveFrom":true,"hasCurveTo":true,"point":"{0.033373416240307104, 0.018346137871430669}"},{"_class":"curvePoint","cornerRadius":0,"curveFrom":"{0.19207837447455683, 0.018915523280356204}","curveMode":4,"curveTo":"{0.14853062024723002, -0.0060811059196616002}","hasCurveFrom":false,"hasCurveTo":true,"point":"{0.19207837447455683, 0.018915523280356204}"},{"_class":"curvePoint","cornerRadius":0,"curveFrom":"{0.96763110675920216, 0.4640866788990981}","curveMode":1,"curveTo":"{0.96763110675920216, 0.4640866788990981}","hasCurveFrom":false,"hasCurveTo":false,"point":"{0.96763110675920216, 0.4640866788990981}"},{"_class":"curvePoint","cornerRadius":0,"curveFrom":"{1.0114344826403467, 0.48960529263850955}","curveMode":4,"curveTo":"{0.96821673301699895, 0.46442534712980771}","hasCurveFrom":true,"hasCurveTo":false,"point":"{0.96821673301699895, 0.46442534712980771}"},{"_class":"curvePoint","cornerRadius":0,"curveFrom":"{0.9660289906317775, 0.55437001887158566}","curveMode":4,"curveTo":"{1.0104549970110415, 0.52987489384876685}","hasCurveFrom":false,"hasCurveTo":true,"point":"{0.9660289906317775, 0.55437001887158566}"}]},{"_class":"shapePath","do_objectID":"B078C203-AEBA-4F4C-8FC6-2D6A6C3F8F93","booleanOperation":0,"exportOptions":{"_class":"exportOptions","do_objectID":"BA56DAB6-88F6-46C6-9349-CED503764D2E","exportFormats":[],"includedLayerIds":[],"layerOptions":0,"shouldTrim":false},"frame":{"_class":"rect","do_objectID":"20EAFAC4-A6BD-4D26-84D0-D853C6A09F27","constrainProportions":false,"height":9.179596590305289,"width":4.624981504210152,"x":4.737120707395055,"y":15.47011300344053},"isFixedToViewport":false,"isFlippedHorizontal":false,"isFlippedVertical":false,"isLocked":false,"isVisible":true,"layerListExpandedType":0,"name":"Shape","nameIsFixed":false,"resizingConstraint":63,"resizingType":0,"rotation":0,"shouldBreakMaskChain":false,"userInfo":{"com.animaapp.stc-sketch-plugin":{"kModelPropertiesKey":{}}},"clippingMaskMode":0,"hasClippingMask":false,"style":{"_class":"style","do_objectID":"8877F1CD-2AE6-4AA8-B62B-E84141B604C1","endMarkerType":0,"fills":[{"_class":"fill","isEnabled":true,"color":{"_class":"color","alpha":1,"blue":0.004942602040816328,"green":0.004942602040816328,"red":0.004942602040816328},"fillType":0,"noiseIndex":0,"noiseIntensity":0,"patternFillType":1,"patternTileScale":1}],"miterLimit":10,"startMarkerType":0,"windingRule":0},"edited":true,"isClosed":true,"pointRadiusBehaviour":1,"points":[{"_class":"curvePoint","cornerRadius":0.4526194979155487,"curveFrom":"{1, 0}","curveMode":1,"curveTo":"{1, 0}","hasCurveFrom":false,"hasCurveTo":false,"point":"{1, 0}"},{"_class":"curvePoint","cornerRadius":0.4526194979155487,"curveFrom":"{0, 0.48994291721853367}","curveMode":1,"curveTo":"{0, 0.48994291721853367}","hasCurveFrom":false,"hasCurveTo":false,"point":"{0, 0.48994291721853367}"},{"_class":"curvePoint","cornerRadius":0.4526194979155487,"curveFrom":"{1, 1}","curveMode":1,"curveTo":"{1, 1}","hasCurveFrom":false,"hasCurveTo":false,"point":"{1, 1}"}]}],"windingRule":0},{"_class":"symbolInstance","do_objectID":"4504CF5C-7F0A-4CF3-93DF-4032351848B2","booleanOperation":0,"exportOptions":{"_class":"exportOptions","do_objectID":"DF8AC260-614A-460E-8B0D-1BFE48E684A5","exportFormats":[],"includedLayerIds":[],"layerOptions":0,"shouldTrim":false},"frame":{"_class":"rect","do_objectID":"D5022B5B-C654-491F-9679-8E3EB3A318E5","constrainProportions":false,"height":24,"width":24,"x":0,"y":0},"isFixedToViewport":false,"isFlippedHorizontal":false,"isFlippedVertical":false,"isLocked":false,"isVisible":true,"layerListExpandedType":0,"name":"colors\/primary-blue","nameIsFixed":false,"resizingConstraint":63,"resizingType":0,"rotation":0,"shouldBreakMaskChain":false,"userInfo":{"com.animaapp.stc-sketch-plugin":{"kModelPropertiesKey":{}}},"clippingMaskMode":0,"hasClippingMask":false,"style":{"_class":"style","do_objectID":"E0585D62-ED50-4698-B749-23AED7AB3F31","endMarkerType":0,"miterLimit":10,"startMarkerType":0,"windingRule":1},"horizontalSpacing":0,"overrideValues":[],"scale":1,"symbolID":"DCAA2C12-C776-4831-9AE1-A57B087E6981","verticalSpacing":0}],"backgroundColor":{"_class":"color","do_objectID":"6806EEFE-EB00-41CE-A318-A5571E3D27B0","alpha":1,"blue":1,"green":1,"red":1},"hasBackgroundColor":false,"horizontalRulerData":{"_class":"rulerData","do_objectID":"A06D67B2-F787-4521-B4B4-7FA630531690","base":0,"guides":[]},"includeBackgroundColorInExport":true,"includeInCloudUpload":true,"isFlowHome":false,"resizesContent":false,"verticalRulerData":{"_class":"rulerData","do_objectID":"D7ADFF54-C352-4224-A137-C1F077C8FCEC","base":0,"guides":[]},"includeBackgroundColorInInstance":true,"symbolID":"B2305775-B1D4-4575-AA47-83965E78539F","changeIdentifier":5819},{"_class":"symbolMaster","do_objectID":"CBDF80C2-B425-453C-85A0-B8A64EF64C9B","booleanOperation":0,"exportOptions":{"_class":"exportOptions","do_objectID":"881A7067-8D6B-4303-9082-5DA3A93F52DC","exportFormats":[],"includedLayerIds":[],"layerOptions":0,"shouldTrim":false},"frame":{"_class":"rect","do_objectID":"B08F4D75-1056-4D84-995F-DCD5EB1862D9","constrainProportions":false,"height":24,"width":24,"x":445,"y":372},"isFixedToViewport":false,"isFlippedHorizontal":false,"isFlippedVertical":false,"isLocked":false,"isVisible":true,"layerListExpandedType":1,"name":"colors\/grey-regular","nameIsFixed":true,"resizingConstraint":63,"resizingType":0,"rotation":0,"shouldBreakMaskChain":true,"userInfo":{"com.animaapp.stc-sketch-plugin":{"kModelPropertiesKey":{}}},"clippingMaskMode":0,"hasClippingMask":false,"style":{"_class":"style","do_objectID":"9940B95E-E3AB-4C86-878E-55AFF7DFE80B","endMarkerType":0,"miterLimit":10,"startMarkerType":0,"windingRule":1},"hasClickThrough":true,"layers":[{"_class":"rectangle","do_objectID":"5751EECA-03B1-4B6B-B73A-A168F7ECB2B5","booleanOperation":-1,"exportOptions":{"_class":"exportOptions","do_objectID":"A182B388-3764-47E6-8E4C-4AA30FF600A2","exportFormats":[],"includedLayerIds":[],"layerOptions":0,"shouldTrim":false},"frame":{"_class":"rect","constrainProportions":false,"height":24,"width":24,"x":0,"y":0},"isFixedToViewport":false,"isFlippedHorizontal":false,"isFlippedVertical":false,"isLocked":false,"isVisible":true,"layerListExpandedType":0,"name":"Rectangle 12","nameIsFixed":false,"resizingConstraint":63,"resizingType":0,"rotation":0,"shouldBreakMaskChain":false,"userInfo":{"com.animaapp.stc-sketch-plugin":{"kModelPropertiesKey":{}}},"clippingMaskMode":0,"hasClippingMask":false,"style":{"_class":"style","do_objectID":"4BB97FF6-9263-4129-9FC0-9C9D8B71BB51","borders":[{"_class":"border","isEnabled":false,"color":{"_class":"color","alpha":1,"blue":0.592,"green":0.592,"red":0.592},"fillType":0,"position":1,"thickness":1}],"endMarkerType":0,"fills":[{"_class":"fill","isEnabled":true,"color":{"_class":"color","alpha":1,"blue":0.384313725490196,"green":0.3568627450980392,"red":0.3254901960784314},"fillType":0,"noiseIndex":0,"noiseIntensity":0,"patternFillType":1,"patternTileScale":1}],"miterLimit":10,"startMarkerType":0,"windingRule":1},"edited":false,"isClosed":true,"pointRadiusBehaviour":1,"points":[{"_class":"curvePoint","cornerRadius":0,"curveFrom":"{0, 0}","curveMode":1,"curveTo":"{0, 0}","hasCurveFrom":false,"hasCurveTo":false,"point":"{0, 0}"},{"_class":"curvePoint","cornerRadius":0,"curveFrom":"{1, 0}","curveMode":1,"curveTo":"{1, 0}","hasCurveFrom":false,"hasCurveTo":false,"point":"{1, 0}"},{"_class":"curvePoint","cornerRadius":0,"curveFrom":"{1, 1}","curveMode":1,"curveTo":"{1, 1}","hasCurveFrom":false,"hasCurveTo":false,"point":"{1, 1}"},{"_class":"curvePoint","cornerRadius":0,"curveFrom":"{0, 1}","curveMode":1,"curveTo":"{0, 1}","hasCurveFrom":false,"hasCurveTo":false,"point":"{0, 1}"}],"fixedRadius":0,"hasConvertedToNewRoundCorners":true}],"backgroundColor":{"_class":"color","do_objectID":"541234CC-E3C4-4170-8259-24B36771BA32","alpha":1,"blue":1,"green":1,"red":1},"hasBackgroundColor":false,"horizontalRulerData":{"_class":"rulerData","do_objectID":"87404FB4-547E-4EDA-896C-29922DE8A922","base":0,"guides":[]},"includeBackgroundColorInExport":true,"includeInCloudUpload":true,"isFlowHome":false,"resizesContent":false,"verticalRulerData":{"_class":"rulerData","do_objectID":"D5DEAFF7-94B7-40F0-A845-62D896ADDD62","base":0,"guides":[]},"includeBackgroundColorInInstance":true,"symbolID":"DCAA2C12-C776-4831-9AE1-A57B087E6981","changeIdentifier":57}],"horizontalRulerData":{"_class":"rulerData","base":0,"guides":[]},"includeInCloudUpload":true,"verticalRulerData":{"_class":"rulerData","base":0,"guides":[]}}